Workbook

Sheet 📊 Dashboard
A1: 📊 QA DASHBOARD — PROFIX PHASE 1
A3: Sheet Name | B3: Total TCs | C3: ✅ Passed | D3: ❌ Failed | E3: 🟠 Blocked | F3: Doing | G3: Pass Rate (%)
A4: II.5.1.1.2 | B4: =COUNTA('II.5.1.1.2'!A:A)-2 | C4: =COUNTIF('II.5.1.1.2'!U:U,"Pass") | D4: =COUNTIF('II.5.1.1.2'!U:U,"Fail") | E4: =COUNTIF('II.5.1.1.2'!U:U,"Blocked") | F4: =COUNTIF('II.5.1.1.2'!U:U,"Doing") | G4: =IFERROR(ROUND(C4/B4*100,1),0)
A5: II.5.1.1.3 | B5: =COUNTA('II.5.1.1.3'!A:A)-2 | C5: =COUNTIF('II.5.1.1.3'!U:U,"Pass") | D5: =COUNTIF('II.5.1.1.3'!U:U,"Fail") | E5: =COUNTIF('II.5.1.1.3'!U:U,"Blocked") | F5: =COUNTIF('II.5.1.1.3'!U:U,"Doing") | G5: =IFERROR(ROUND(C5/B5*100,1),0)
A6: II.5.1.1.4 | B6: =COUNTA('II.5.1.1.4'!A:A)-2 | C6: =COUNTIF('II.5.1.1.4'!U:U,"Pass") | D6: =COUNTIF('II.5.1.1.4'!U:U,"Fail") | E6: =COUNTIF('II.5.1.1.4'!U:U,"Blocked") | F6: =COUNTIF('II.5.1.1.4'!U:U,"Doing") | G6: =IFERROR(ROUND(C6/B6*100,1),0)
A7: II.5.1.1.5 | B7: =COUNTA('II.5.1.1.5'!A:A)-2 | C7: =COUNTIF('II.5.1.1.5'!U:U,"Pass") | D7: =COUNTIF('II.5.1.1.5'!U:U,"Fail") | E7: =COUNTIF('II.5.1.1.5'!U:U,"Blocked") | F7: =COUNTIF('II.5.1.1.5'!U:U,"Doing") | G7: =IFERROR(ROUND(C7/B7*100,1),0)
A8: II.5.1.1.6 | B8: =COUNTA('II.5.1.1.6'!A:A)-2 | C8: =COUNTIF('II.5.1.1.6'!U:U,"Pass") | D8: =COUNTIF('II.5.1.1.6'!U:U,"Fail") | E8: =COUNTIF('II.5.1.1.6'!U:U,"Blocked") | F8: =COUNTIF('II.5.1.1.6'!U:U,"Doing") | G8: =IFERROR(ROUND(C8/B8*100,1),0)
A9: II.5.1.2 | B9: =COUNTA('II.5.1.2'!A:A)-2 | C9: =COUNTIF('II.5.1.2'!U:U,"Pass") | D9: =COUNTIF('II.5.1.2'!U:U,"Fail") | E9: =COUNTIF('II.5.1.2'!U:U,"Blocked") | F9: =COUNTIF('II.5.1.2'!U:U,"Doing") | G9: =IFERROR(ROUND(C9/B9*100,1),0)
A10: II.5.1.3 | B10: =COUNTA('II.5.1.3'!A:A)-2 | C10: =COUNTIF('II.5.1.3'!U:U,"Pass") | D10: =COUNTIF('II.5.1.3'!U:U,"Fail") | E10: =COUNTIF('II.5.1.3'!U:U,"Blocked") | F10: =COUNTIF('II.5.1.3'!U:U,"Doing") | G10: =IFERROR(ROUND(C10/B10*100,1),0)
A11: II.5.1.4 | B11: =COUNTA('II.5.1.4'!A:A)-2 | C11: =COUNTIF('II.5.1.4'!U:U,"Pass") | D11: =COUNTIF('II.5.1.4'!U:U,"Fail") | E11: =COUNTIF('II.5.1.4'!U:U,"Blocked") | F11: =COUNTIF('II.5.1.4'!U:U,"Doing") | G11: =IFERROR(ROUND(C11/B11*100,1),0)

Sheet 📅 Daily Tracking
A1: 📅 DAILY TEST TRACKING — PROFIX PHASE 1 (TC Executed per Day)
A2: Ngày | B2: Tổng TC Executed | C2: Định | D2: Thanh | E2: Vân Anh | F2: .... | G2: Note
A3: 💡 Hướng dẫn: Tester điền tên vào cột P (Tester) và ngày vào cột Q (Exec Date) ở mỗi TC sheet. Sheet này sẽ tự động đếm theo COUNTIFS.
A4: 18/03 | B4: =COUNTIF('[1]🧪 TC_PR01'!Q:Q,"18/03")+COUNTIF('[2]🧪 TC_PR02'!Q:Q,"18/03")+COUNTIF('[3]🧪 TC_OT01'!Q:Q,"18/03")+COUNTIF('[4]🧪 TC_SA'!Q:Q,"18/03")+COUNTIF('[5]🧪 TC_SE'!Q:Q,"18/03")+COUNTIF('[6]🧪 TC_RP'!Q:Q,"18/03") | C4: =COUNTIFS('[1]🧪 TC_PR01'!P:P,"Định",'[1]🧪 TC_PR01'!Q:Q,"18/03")+COUNTIFS('[2]🧪 TC_PR02'!P:P,"Định",'[2]🧪 TC_PR02'!Q:Q,"18/03")+COUNTIFS('[3]🧪 TC_OT01'!P:P,"Định",'[3]🧪 TC_OT01'!Q:Q,"18/03")+COUNTIFS('[4]🧪 TC_SA'!P:P,"Định",'[4]🧪 TC_SA'!Q:Q,"18/03")+COUNTIFS('[5]🧪 TC_SE'!P:P,"Định",'[5]🧪 TC_SE'!Q:Q,"18/03")+COUNTIFS('[6]🧪 TC_RP'!P:P,"Định",'[6]🧪 TC_RP'!Q:Q,"18/03") | D4: =COUNTIFS('[1]🧪 TC_PR01'!P:P,"Thanh",'[1]🧪 TC_PR01'!Q:Q,"18/03")+COUNTIFS('[2]🧪 TC_PR02'!P:P,"Thanh",'[2]🧪 TC_PR02'!Q:Q,"18/03")+COUNTIFS('[3]🧪 TC_OT01'!P:P,"Thanh",'[3]🧪 TC_OT01'!Q:Q,"18/03")+COUNTIFS('[4]🧪 TC_SA'!P:P,"Thanh",'[4]🧪 TC_SA'!Q:Q,"18/03")+COUNTIFS('[5]🧪 TC_SE'!P:P,"Thanh",'[5]🧪 TC_SE'!Q:Q,"18/03")+COUNTIFS('[6]🧪 TC_RP'!P:P,"Thanh",'[6]🧪 TC_RP'!Q:Q,"18/03") | E4: =COUNTIFS('[1]🧪 TC_PR01'!P:P,"Vân Anh",'[1]🧪 TC_PR01'!Q:Q,"18/03")+COUNTIFS('[2]🧪 TC_PR02'!P:P,"Vân Anh",'[2]🧪 TC_PR02'!Q:Q,"18/03")+COUNTIFS('[3]🧪 TC_OT01'!P:P,"Vân Anh",'[3]🧪 TC_OT01'!Q:Q,"18/03")+COUNTIFS('[4]🧪 TC_SA'!P:P,"Vân Anh",'[4]🧪 TC_SA'!Q:Q,"18/03")+COUNTIFS('[5]🧪 TC_SE'!P:P,"Vân Anh",'[5]🧪 TC_SE'!Q:Q,"18/03")+COUNTIFS('[6]🧪 TC_RP'!P:P,"Vân Anh",'[6]🧪 TC_RP'!Q:Q,"18/03") | F4: =COUNTIFS('[1]🧪 TC_PR01'!P:P,"Hiệp",'[1]🧪 TC_PR01'!Q:Q,"18/03")+COUNTIFS('[2]🧪 TC_PR02'!P:P,"Hiệp",'[2]🧪 TC_PR02'!Q:Q,"18/03")+COUNTIFS('[3]🧪 TC_OT01'!P:P,"Hiệp",'[3]🧪 TC_OT01'!Q:Q,"18/03")+COUNTIFS('[4]🧪 TC_SA'!P:P,"Hiệp",'[4]🧪 TC_SA'!Q:Q,"18/03")+COUNTIFS('[5]🧪 TC_SE'!P:P,"Hiệp",'[5]🧪 TC_SE'!Q:Q,"18/03")+COUNTIFS('[6]🧪 TC_RP'!P:P,"Hiệp",'[6]🧪 TC_RP'!Q:Q,"18/03")
A5: 19/03 | B5: =COUNTIF('[1]🧪 TC_PR01'!Q:Q,"19/03")+COUNTIF('[2]🧪 TC_PR02'!Q:Q,"19/03")+COUNTIF('[3]🧪 TC_OT01'!Q:Q,"19/03")+COUNTIF('[4]🧪 TC_SA'!Q:Q,"19/03")+COUNTIF('[5]🧪 TC_SE'!Q:Q,"19/03")+COUNTIF('[6]🧪 TC_RP'!Q:Q,"19/03") | C5: =COUNTIFS('[1]🧪 TC_PR01'!P:P,"Định",'[1]🧪 TC_PR01'!Q:Q,"19/03")+COUNTIFS('[2]🧪 TC_PR02'!P:P,"Định",'[2]🧪 TC_PR02'!Q:Q,"19/03")+COUNTIFS('[3]🧪 TC_OT01'!P:P,"Định",'[3]🧪 TC_OT01'!Q:Q,"19/03")+COUNTIFS('[4]🧪 TC_SA'!P:P,"Định",'[4]🧪 TC_SA'!Q:Q,"19/03")+COUNTIFS('[5]🧪 TC_SE'!P:P,"Định",'[5]🧪 TC_SE'!Q:Q,"19/03")+COUNTIFS('[6]🧪 TC_RP'!P:P,"Định",'[6]🧪 TC_RP'!Q:Q,"19/03") | D5: =COUNTIFS('[1]🧪 TC_PR01'!P:P,"Thanh",'[1]🧪 TC_PR01'!Q:Q,"19/03")+COUNTIFS('[2]🧪 TC_PR02'!P:P,"Thanh",'[2]🧪 TC_PR02'!Q:Q,"19/03")+COUNTIFS('[3]🧪 TC_OT01'!P:P,"Thanh",'[3]🧪 TC_OT01'!Q:Q,"19/03")+COUNTIFS('[4]🧪 TC_SA'!P:P,"Thanh",'[4]🧪 TC_SA'!Q:Q,"19/03")+COUNTIFS('[5]🧪 TC_SE'!P:P,"Thanh",'[5]🧪 TC_SE'!Q:Q,"19/03")+COUNTIFS('[6]🧪 TC_RP'!P:P,"Thanh",'[6]🧪 TC_RP'!Q:Q,"19/03") | E5: =COUNTIFS('[1]🧪 TC_PR01'!P:P,"Vân Anh",'[1]🧪 TC_PR01'!Q:Q,"19/03")+COUNTIFS('[2]🧪 TC_PR02'!P:P,"Vân Anh",'[2]🧪 TC_PR02'!Q:Q,"19/03")+COUNTIFS('[3]🧪 TC_OT01'!P:P,"Vân Anh",'[3]🧪 TC_OT01'!Q:Q,"19/03")+COUNTIFS('[4]🧪 TC_SA'!P:P,"Vân Anh",'[4]🧪 TC_SA'!Q:Q,"19/03")+COUNTIFS('[5]🧪 TC_SE'!P:P,"Vân Anh",'[5]🧪 TC_SE'!Q:Q,"19/03")+COUNTIFS('[6]🧪 TC_RP'!P:P,"Vân Anh",'[6]🧪 TC_RP'!Q:Q,"19/03") | F5: =COUNTIFS('[1]🧪 TC_PR01'!P:P,"Hiệp",'[1]🧪 TC_PR01'!Q:Q,"19/03")+COUNTIFS('[2]🧪 TC_PR02'!P:P,"Hiệp",'[2]🧪 TC_PR02'!Q:Q,"19/03")+COUNTIFS('[3]🧪 TC_OT01'!P:P,"Hiệp",'[3]🧪 TC_OT01'!Q:Q,"19/03")+COUNTIFS('[4]🧪 TC_SA'!P:P,"Hiệp",'[4]🧪 TC_SA'!Q:Q,"19/03")+COUNTIFS('[5]🧪 TC_SE'!P:P,"Hiệp",'[5]🧪 TC_SE'!Q:Q,"19/03")+COUNTIFS('[6]🧪 TC_RP'!P:P,"Hiệp",'[6]🧪 TC_RP'!Q:Q,"19/03")
A6: 20/03 | B6: =COUNTIF('[1]🧪 TC_PR01'!Q:Q,"20/03")+COUNTIF('[2]🧪 TC_PR02'!Q:Q,"20/03")+COUNTIF('[3]🧪 TC_OT01'!Q:Q,"20/03")+COUNTIF('[4]🧪 TC_SA'!Q:Q,"20/03")+COUNTIF('[5]🧪 TC_SE'!Q:Q,"20/03")+COUNTIF('[6]🧪 TC_RP'!Q:Q,"20/03") | C6: =COUNTIFS('[1]🧪 TC_PR01'!P:P,"Định",'[1]🧪 TC_PR01'!Q:Q,"20/03")+COUNTIFS('[2]🧪 TC_PR02'!P:P,"Định",'[2]🧪 TC_PR02'!Q:Q,"20/03")+COUNTIFS('[3]🧪 TC_OT01'!P:P,"Định",'[3]🧪 TC_OT01'!Q:Q,"20/03")+COUNTIFS('[4]🧪 TC_SA'!P:P,"Định",'[4]🧪 TC_SA'!Q:Q,"20/03")+COUNTIFS('[5]🧪 TC_SE'!P:P,"Định",'[5]🧪 TC_SE'!Q:Q,"20/03")+COUNTIFS('[6]🧪 TC_RP'!P:P,"Định",'[6]🧪 TC_RP'!Q:Q,"20/03") | D6: =COUNTIFS('[1]🧪 TC_PR01'!P:P,"Thanh",'[1]🧪 TC_PR01'!Q:Q,"20/03")+COUNTIFS('[2]🧪 TC_PR02'!P:P,"Thanh",'[2]🧪 TC_PR02'!Q:Q,"20/03")+COUNTIFS('[3]🧪 TC_OT01'!P:P,"Thanh",'[3]🧪 TC_OT01'!Q:Q,"20/03")+COUNTIFS('[4]🧪 TC_SA'!P:P,"Thanh",'[4]🧪 TC_SA'!Q:Q,"20/03")+COUNTIFS('[5]🧪 TC_SE'!P:P,"Thanh",'[5]🧪 TC_SE'!Q:Q,"20/03")+COUNTIFS('[6]🧪 TC_RP'!P:P,"Thanh",'[6]🧪 TC_RP'!Q:Q,"20/03") | E6: =COUNTIFS('[1]🧪 TC_PR01'!P:P,"Vân Anh",'[1]🧪 TC_PR01'!Q:Q,"20/03")+COUNTIFS('[2]🧪 TC_PR02'!P:P,"Vân Anh",'[2]🧪 TC_PR02'!Q:Q,"20/03")+COUNTIFS('[3]🧪 TC_OT01'!P:P,"Vân Anh",'[3]🧪 TC_OT01'!Q:Q,"20/03")+COUNTIFS('[4]🧪 TC_SA'!P:P,"Vân Anh",'[4]🧪 TC_SA'!Q:Q,"20/03")+COUNTIFS('[5]🧪 TC_SE'!P:P,"Vân Anh",'[5]🧪 TC_SE'!Q:Q,"20/03")+COUNTIFS('[6]🧪 TC_RP'!P:P,"Vân Anh",'[6]🧪 TC_RP'!Q:Q,"20/03") | F6: =COUNTIFS('[1]🧪 TC_PR01'!P:P,"Hiệp",'[1]🧪 TC_PR01'!Q:Q,"20/03")+COUNTIFS('[2]🧪 TC_PR02'!P:P,"Hiệp",'[2]🧪 TC_PR02'!Q:Q,"20/03")+COUNTIFS('[3]🧪 TC_OT01'!P:P,"Hiệp",'[3]🧪 TC_OT01'!Q:Q,"20/03")+COUNTIFS('[4]🧪 TC_SA'!P:P,"Hiệp",'[4]🧪 TC_SA'!Q:Q,"20/03")+COUNTIFS('[5]🧪 TC_SE'!P:P,"Hiệp",'[5]🧪 TC_SE'!Q:Q,"20/03")+COUNTIFS('[6]🧪 TC_RP'!P:P,"Hiệp",'[6]🧪 TC_RP'!Q:Q,"20/03")
A7: 21/03 | B7: =COUNTIF('[1]🧪 TC_PR01'!Q:Q,"21/03")+COUNTIF('[2]🧪 TC_PR02'!Q:Q,"21/03")+COUNTIF('[3]🧪 TC_OT01'!Q:Q,"21/03")+COUNTIF('[4]🧪 TC_SA'!Q:Q,"21/03")+COUNTIF('[5]🧪 TC_SE'!Q:Q,"21/03")+COUNTIF('[6]🧪 TC_RP'!Q:Q,"21/03") | C7: =COUNTIFS('[1]🧪 TC_PR01'!P:P,"Định",'[1]🧪 TC_PR01'!Q:Q,"21/03")+COUNTIFS('[2]🧪 TC_PR02'!P:P,"Định",'[2]🧪 TC_PR02'!Q:Q,"21/03")+COUNTIFS('[3]🧪 TC_OT01'!P:P,"Định",'[3]🧪 TC_OT01'!Q:Q,"21/03")+COUNTIFS('[4]🧪 TC_SA'!P:P,"Định",'[4]🧪 TC_SA'!Q:Q,"21/03")+COUNTIFS('[5]🧪 TC_SE'!P:P,"Định",'[5]🧪 TC_SE'!Q:Q,"21/03")+COUNTIFS('[6]🧪 TC_RP'!P:P,"Định",'[6]🧪 TC_RP'!Q:Q,"21/03") | D7: =COUNTIFS('[1]🧪 TC_PR01'!P:P,"Thanh",'[1]🧪 TC_PR01'!Q:Q,"21/03")+COUNTIFS('[2]🧪 TC_PR02'!P:P,"Thanh",'[2]🧪 TC_PR02'!Q:Q,"21/03")+COUNTIFS('[3]🧪 TC_OT01'!P:P,"Thanh",'[3]🧪 TC_OT01'!Q:Q,"21/03")+COUNTIFS('[4]🧪 TC_SA'!P:P,"Thanh",'[4]🧪 TC_SA'!Q:Q,"21/03")+COUNTIFS('[5]🧪 TC_SE'!P:P,"Thanh",'[5]🧪 TC_SE'!Q:Q,"21/03")+COUNTIFS('[6]🧪 TC_RP'!P:P,"Thanh",'[6]🧪 TC_RP'!Q:Q,"21/03") | E7: =COUNTIFS('[1]🧪 TC_PR01'!P:P,"Vân Anh",'[1]🧪 TC_PR01'!Q:Q,"21/03")+COUNTIFS('[2]🧪 TC_PR02'!P:P,"Vân Anh",'[2]🧪 TC_PR02'!Q:Q,"21/03")+COUNTIFS('[3]🧪 TC_OT01'!P:P,"Vân Anh",'[3]🧪 TC_OT01'!Q:Q,"21/03")+COUNTIFS('[4]🧪 TC_SA'!P:P,"Vân Anh",'[4]🧪 TC_SA'!Q:Q,"21/03")+COUNTIFS('[5]🧪 TC_SE'!P:P,"Vân Anh",'[5]🧪 TC_SE'!Q:Q,"21/03")+COUNTIFS('[6]🧪 TC_RP'!P:P,"Vân Anh",'[6]🧪 TC_RP'!Q:Q,"21/03") | F7: =COUNTIFS('[1]🧪 TC_PR01'!P:P,"Hiệp",'[1]🧪 TC_PR01'!Q:Q,"21/03")+COUNTIFS('[2]🧪 TC_PR02'!P:P,"Hiệp",'[2]🧪 TC_PR02'!Q:Q,"21/03")+COUNTIFS('[3]🧪 TC_OT01'!P:P,"Hiệp",'[3]🧪 TC_OT01'!Q:Q,"21/03")+COUNTIFS('[4]🧪 TC_SA'!P:P,"Hiệp",'[4]🧪 TC_SA'!Q:Q,"21/03")+COUNTIFS('[5]🧪 TC_SE'!P:P,"Hiệp",'[5]🧪 TC_SE'!Q:Q,"21/03")+COUNTIFS('[6]🧪 TC_RP'!P:P,"Hiệp",'[6]🧪 TC_RP'!Q:Q,"21/03")
A8: 24/03 | B8: =COUNTIF('[1]🧪 TC_PR01'!Q:Q,"24/03")+COUNTIF('[2]🧪 TC_PR02'!Q:Q,"24/03")+COUNTIF('[3]🧪 TC_OT01'!Q:Q,"24/03")+COUNTIF('[4]🧪 TC_SA'!Q:Q,"24/03")+COUNTIF('[5]🧪 TC_SE'!Q:Q,"24/03")+COUNTIF('[6]🧪 TC_RP'!Q:Q,"24/03") | C8: =COUNTIFS('[1]🧪 TC_PR01'!P:P,"Định",'[1]🧪 TC_PR01'!Q:Q,"24/03")+COUNTIFS('[2]🧪 TC_PR02'!P:P,"Định",'[2]🧪 TC_PR02'!Q:Q,"24/03")+COUNTIFS('[3]🧪 TC_OT01'!P:P,"Định",'[3]🧪 TC_OT01'!Q:Q,"24/03")+COUNTIFS('[4]🧪 TC_SA'!P:P,"Định",'[4]🧪 TC_SA'!Q:Q,"24/03")+COUNTIFS('[5]🧪 TC_SE'!P:P,"Định",'[5]🧪 TC_SE'!Q:Q,"24/03")+COUNTIFS('[6]🧪 TC_RP'!P:P,"Định",'[6]🧪 TC_RP'!Q:Q,"24/03") | D8: =COUNTIFS('[1]🧪 TC_PR01'!P:P,"Thanh",'[1]🧪 TC_PR01'!Q:Q,"24/03")+COUNTIFS('[2]🧪 TC_PR02'!P:P,"Thanh",'[2]🧪 TC_PR02'!Q:Q,"24/03")+COUNTIFS('[3]🧪 TC_OT01'!P:P,"Thanh",'[3]🧪 TC_OT01'!Q:Q,"24/03")+COUNTIFS('[4]🧪 TC_SA'!P:P,"Thanh",'[4]🧪 TC_SA'!Q:Q,"24/03")+COUNTIFS('[5]🧪 TC_SE'!P:P,"Thanh",'[5]🧪 TC_SE'!Q:Q,"24/03")+COUNTIFS('[6]🧪 TC_RP'!P:P,"Thanh",'[6]🧪 TC_RP'!Q:Q,"24/03") | E8: =COUNTIFS('[1]🧪 TC_PR01'!P:P,"Vân Anh",'[1]🧪 TC_PR01'!Q:Q,"24/03")+COUNTIFS('[2]🧪 TC_PR02'!P:P,"Vân Anh",'[2]🧪 TC_PR02'!Q:Q,"24/03")+COUNTIFS('[3]🧪 TC_OT01'!P:P,"Vân Anh",'[3]🧪 TC_OT01'!Q:Q,"24/03")+COUNTIFS('[4]🧪 TC_SA'!P:P,"Vân Anh",'[4]🧪 TC_SA'!Q:Q,"24/03")+COUNTIFS('[5]🧪 TC_SE'!P:P,"Vân Anh",'[5]🧪 TC_SE'!Q:Q,"24/03")+COUNTIFS('[6]🧪 TC_RP'!P:P,"Vân Anh",'[6]🧪 TC_RP'!Q:Q,"24/03") | F8: =COUNTIFS('[1]🧪 TC_PR01'!P:P,"Hiệp",'[1]🧪 TC_PR01'!Q:Q,"24/03")+COUNTIFS('[2]🧪 TC_PR02'!P:P,"Hiệp",'[2]🧪 TC_PR02'!Q:Q,"24/03")+COUNTIFS('[3]🧪 TC_OT01'!P:P,"Hiệp",'[3]🧪 TC_OT01'!Q:Q,"24/03")+COUNTIFS('[4]🧪 TC_SA'!P:P,"Hiệp",'[4]🧪 TC_SA'!Q:Q,"24/03")+COUNTIFS('[5]🧪 TC_SE'!P:P,"Hiệp",'[5]🧪 TC_SE'!Q:Q,"24/03")+COUNTIFS('[6]🧪 TC_RP'!P:P,"Hiệp",'[6]🧪 TC_RP'!Q:Q,"24/03")
A9: 25/03 | B9: =COUNTIF('[1]🧪 TC_PR01'!Q:Q,"25/03")+COUNTIF('[2]🧪 TC_PR02'!Q:Q,"25/03")+COUNTIF('[3]🧪 TC_OT01'!Q:Q,"25/03")+COUNTIF('[4]🧪 TC_SA'!Q:Q,"25/03")+COUNTIF('[5]🧪 TC_SE'!Q:Q,"25/03")+COUNTIF('[6]🧪 TC_RP'!Q:Q,"25/03") | C9: =COUNTIFS('[1]🧪 TC_PR01'!P:P,"Định",'[1]🧪 TC_PR01'!Q:Q,"25/03")+COUNTIFS('[2]🧪 TC_PR02'!P:P,"Định",'[2]🧪 TC_PR02'!Q:Q,"25/03")+COUNTIFS('[3]🧪 TC_OT01'!P:P,"Định",'[3]🧪 TC_OT01'!Q:Q,"25/03")+COUNTIFS('[4]🧪 TC_SA'!P:P,"Định",'[4]🧪 TC_SA'!Q:Q,"25/03")+COUNTIFS('[5]🧪 TC_SE'!P:P,"Định",'[5]🧪 TC_SE'!Q:Q,"25/03")+COUNTIFS('[6]🧪 TC_RP'!P:P,"Định",'[6]🧪 TC_RP'!Q:Q,"25/03") | D9: =COUNTIFS('[1]🧪 TC_PR01'!P:P,"Thanh",'[1]🧪 TC_PR01'!Q:Q,"25/03")+COUNTIFS('[2]🧪 TC_PR02'!P:P,"Thanh",'[2]🧪 TC_PR02'!Q:Q,"25/03")+COUNTIFS('[3]🧪 TC_OT01'!P:P,"Thanh",'[3]🧪 TC_OT01'!Q:Q,"25/03")+COUNTIFS('[4]🧪 TC_SA'!P:P,"Thanh",'[4]🧪 TC_SA'!Q:Q,"25/03")+COUNTIFS('[5]🧪 TC_SE'!P:P,"Thanh",'[5]🧪 TC_SE'!Q:Q,"25/03")+COUNTIFS('[6]🧪 TC_RP'!P:P,"Thanh",'[6]🧪 TC_RP'!Q:Q,"25/03") | E9: =COUNTIFS('[1]🧪 TC_PR01'!P:P,"Vân Anh",'[1]🧪 TC_PR01'!Q:Q,"25/03")+COUNTIFS('[2]🧪 TC_PR02'!P:P,"Vân Anh",'[2]🧪 TC_PR02'!Q:Q,"25/03")+COUNTIFS('[3]🧪 TC_OT01'!P:P,"Vân Anh",'[3]🧪 TC_OT01'!Q:Q,"25/03")+COUNTIFS('[4]🧪 TC_SA'!P:P,"Vân Anh",'[4]🧪 TC_SA'!Q:Q,"25/03")+COUNTIFS('[5]🧪 TC_SE'!P:P,"Vân Anh",'[5]🧪 TC_SE'!Q:Q,"25/03")+COUNTIFS('[6]🧪 TC_RP'!P:P,"Vân Anh",'[6]🧪 TC_RP'!Q:Q,"25/03") | F9: =COUNTIFS('[1]🧪 TC_PR01'!P:P,"Hiệp",'[1]🧪 TC_PR01'!Q:Q,"25/03")+COUNTIFS('[2]🧪 TC_PR02'!P:P,"Hiệp",'[2]🧪 TC_PR02'!Q:Q,"25/03")+COUNTIFS('[3]🧪 TC_OT01'!P:P,"Hiệp",'[3]🧪 TC_OT01'!Q:Q,"25/03")+COUNTIFS('[4]🧪 TC_SA'!P:P,"Hiệp",'[4]🧪 TC_SA'!Q:Q,"25/03")+COUNTIFS('[5]🧪 TC_SE'!P:P,"Hiệp",'[5]🧪 TC_SE'!Q:Q,"25/03")+COUNTIFS('[6]🧪 TC_RP'!P:P,"Hiệp",'[6]🧪 TC_RP'!Q:Q,"25/03")
A10: 26/03 | B10: =COUNTIF('[1]🧪 TC_PR01'!Q:Q,"26/03")+COUNTIF('[2]🧪 TC_PR02'!Q:Q,"26/03")+COUNTIF('[3]🧪 TC_OT01'!Q:Q,"26/03")+COUNTIF('[4]🧪 TC_SA'!Q:Q,"26/03")+COUNTIF('[5]🧪 TC_SE'!Q:Q,"26/03")+COUNTIF('[6]🧪 TC_RP'!Q:Q,"26/03") | C10: =COUNTIFS('[1]🧪 TC_PR01'!P:P,"Định",'[1]🧪 TC_PR01'!Q:Q,"26/03")+COUNTIFS('[2]🧪 TC_PR02'!P:P,"Định",'[2]🧪 TC_PR02'!Q:Q,"26/03")+COUNTIFS('[3]🧪 TC_OT01'!P:P,"Định",'[3]🧪 TC_OT01'!Q:Q,"26/03")+COUNTIFS('[4]🧪 TC_SA'!P:P,"Định",'[4]🧪 TC_SA'!Q:Q,"26/03")+COUNTIFS('[5]🧪 TC_SE'!P:P,"Định",'[5]🧪 TC_SE'!Q:Q,"26/03")+COUNTIFS('[6]🧪 TC_RP'!P:P,"Định",'[6]🧪 TC_RP'!Q:Q,"26/03") | D10: =COUNTIFS('[1]🧪 TC_PR01'!P:P,"Thanh",'[1]🧪 TC_PR01'!Q:Q,"26/03")+COUNTIFS('[2]🧪 TC_PR02'!P:P,"Thanh",'[2]🧪 TC_PR02'!Q:Q,"26/03")+COUNTIFS('[3]🧪 TC_OT01'!P:P,"Thanh",'[3]🧪 TC_OT01'!Q:Q,"26/03")+COUNTIFS('[4]🧪 TC_SA'!P:P,"Thanh",'[4]🧪 TC_SA'!Q:Q,"26/03")+COUNTIFS('[5]🧪 TC_SE'!P:P,"Thanh",'[5]🧪 TC_SE'!Q:Q,"26/03")+COUNTIFS('[6]🧪 TC_RP'!P:P,"Thanh",'[6]🧪 TC_RP'!Q:Q,"26/03") | E10: =COUNTIFS('[1]🧪 TC_PR01'!P:P,"Vân Anh",'[1]🧪 TC_PR01'!Q:Q,"26/03")+COUNTIFS('[2]🧪 TC_PR02'!P:P,"Vân Anh",'[2]🧪 TC_PR02'!Q:Q,"26/03")+COUNTIFS('[3]🧪 TC_OT01'!P:P,"Vân Anh",'[3]🧪 TC_OT01'!Q:Q,"26/03")+COUNTIFS('[4]🧪 TC_SA'!P:P,"Vân Anh",'[4]🧪 TC_SA'!Q:Q,"26/03")+COUNTIFS('[5]🧪 TC_SE'!P:P,"Vân Anh",'[5]🧪 TC_SE'!Q:Q,"26/03")+COUNTIFS('[6]🧪 TC_RP'!P:P,"Vân Anh",'[6]🧪 TC_RP'!Q:Q,"26/03") | F10: =COUNTIFS('[1]🧪 TC_PR01'!P:P,"Hiệp",'[1]🧪 TC_PR01'!Q:Q,"26/03")+COUNTIFS('[2]🧪 TC_PR02'!P:P,"Hiệp",'[2]🧪 TC_PR02'!Q:Q,"26/03")+COUNTIFS('[3]🧪 TC_OT01'!P:P,"Hiệp",'[3]🧪 TC_OT01'!Q:Q,"26/03")+COUNTIFS('[4]🧪 TC_SA'!P:P,"Hiệp",'[4]🧪 TC_SA'!Q:Q,"26/03")+COUNTIFS('[5]🧪 TC_SE'!P:P,"Hiệp",'[5]🧪 TC_SE'!Q:Q,"26/03")+COUNTIFS('[6]🧪 TC_RP'!P:P,"Hiệp",'[6]🧪 TC_RP'!Q:Q,"26/03")
A11: 27/03 | B11: =COUNTIF('[1]🧪 TC_PR01'!Q:Q,"27/03")+COUNTIF('[2]🧪 TC_PR02'!Q:Q,"27/03")+COUNTIF('[3]🧪 TC_OT01'!Q:Q,"27/03")+COUNTIF('[4]🧪 TC_SA'!Q:Q,"27/03")+COUNTIF('[5]🧪 TC_SE'!Q:Q,"27/03")+COUNTIF('[6]🧪 TC_RP'!Q:Q,"27/03") | C11: =COUNTIFS('[1]🧪 TC_PR01'!P:P,"Định",'[1]🧪 TC_PR01'!Q:Q,"27/03")+COUNTIFS('[2]🧪 TC_PR02'!P:P,"Định",'[2]🧪 TC_PR02'!Q:Q,"27/03")+COUNTIFS('[3]🧪 TC_OT01'!P:P,"Định",'[3]🧪 TC_OT01'!Q:Q,"27/03")+COUNTIFS('[4]🧪 TC_SA'!P:P,"Định",'[4]🧪 TC_SA'!Q:Q,"27/03")+COUNTIFS('[5]🧪 TC_SE'!P:P,"Định",'[5]🧪 TC_SE'!Q:Q,"27/03")+COUNTIFS('[6]🧪 TC_RP'!P:P,"Định",'[6]🧪 TC_RP'!Q:Q,"27/03") | D11: =COUNTIFS('[1]🧪 TC_PR01'!P:P,"Thanh",'[1]🧪 TC_PR01'!Q:Q,"27/03")+COUNTIFS('[2]🧪 TC_PR02'!P:P,"Thanh",'[2]🧪 TC_PR02'!Q:Q,"27/03")+COUNTIFS('[3]🧪 TC_OT01'!P:P,"Thanh",'[3]🧪 TC_OT01'!Q:Q,"27/03")+COUNTIFS('[4]🧪 TC_SA'!P:P,"Thanh",'[4]🧪 TC_SA'!Q:Q,"27/03")+COUNTIFS('[5]🧪 TC_SE'!P:P,"Thanh",'[5]🧪 TC_SE'!Q:Q,"27/03")+COUNTIFS('[6]🧪 TC_RP'!P:P,"Thanh",'[6]🧪 TC_RP'!Q:Q,"27/03") | E11: =COUNTIFS('[1]🧪 TC_PR01'!P:P,"Vân Anh",'[1]🧪 TC_PR01'!Q:Q,"27/03")+COUNTIFS('[2]🧪 TC_PR02'!P:P,"Vân Anh",'[2]🧪 TC_PR02'!Q:Q,"27/03")+COUNTIFS('[3]🧪 TC_OT01'!P:P,"Vân Anh",'[3]🧪 TC_OT01'!Q:Q,"27/03")+COUNTIFS('[4]🧪 TC_SA'!P:P,"Vân Anh",'[4]🧪 TC_SA'!Q:Q,"27/03")+COUNTIFS('[5]🧪 TC_SE'!P:P,"Vân Anh",'[5]🧪 TC_SE'!Q:Q,"27/03")+COUNTIFS('[6]🧪 TC_RP'!P:P,"Vân Anh",'[6]🧪 TC_RP'!Q:Q,"27/03") | F11: =COUNTIFS('[1]🧪 TC_PR01'!P:P,"Hiệp",'[1]🧪 TC_PR01'!Q:Q,"27/03")+COUNTIFS('[2]🧪 TC_PR02'!P:P,"Hiệp",'[2]🧪 TC_PR02'!Q:Q,"27/03")+COUNTIFS('[3]🧪 TC_OT01'!P:P,"Hiệp",'[3]🧪 TC_OT01'!Q:Q,"27/03")+COUNTIFS('[4]🧪 TC_SA'!P:P,"Hiệp",'[4]🧪 TC_SA'!Q:Q,"27/03")+COUNTIFS('[5]🧪 TC_SE'!P:P,"Hiệp",'[5]🧪 TC_SE'!Q:Q,"27/03")+COUNTIFS('[6]🧪 TC_RP'!P:P,"Hiệp",'[6]🧪 TC_RP'!Q:Q,"27/03")
A12: 28/03 | B12: =COUNTIF('[1]🧪 TC_PR01'!Q:Q,"28/03")+COUNTIF('[2]🧪 TC_PR02'!Q:Q,"28/03")+COUNTIF('[3]🧪 TC_OT01'!Q:Q,"28/03")+COUNTIF('[4]🧪 TC_SA'!Q:Q,"28/03")+COUNTIF('[5]🧪 TC_SE'!Q:Q,"28/03")+COUNTIF('[6]🧪 TC_RP'!Q:Q,"28/03") | C12: =COUNTIFS('[1]🧪 TC_PR01'!P:P,"Định",'[1]🧪 TC_PR01'!Q:Q,"28/03")+COUNTIFS('[2]🧪 TC_PR02'!P:P,"Định",'[2]🧪 TC_PR02'!Q:Q,"28/03")+COUNTIFS('[3]🧪 TC_OT01'!P:P,"Định",'[3]🧪 TC_OT01'!Q:Q,"28/03")+COUNTIFS('[4]🧪 TC_SA'!P:P,"Định",'[4]🧪 TC_SA'!Q:Q,"28/03")+COUNTIFS('[5]🧪 TC_SE'!P:P,"Định",'[5]🧪 TC_SE'!Q:Q,"28/03")+COUNTIFS('[6]🧪 TC_RP'!P:P,"Định",'[6]🧪 TC_RP'!Q:Q,"28/03") | D12: =COUNTIFS('[1]🧪 TC_PR01'!P:P,"Thanh",'[1]🧪 TC_PR01'!Q:Q,"28/03")+COUNTIFS('[2]🧪 TC_PR02'!P:P,"Thanh",'[2]🧪 TC_PR02'!Q:Q,"28/03")+COUNTIFS('[3]🧪 TC_OT01'!P:P,"Thanh",'[3]🧪 TC_OT01'!Q:Q,"28/03")+COUNTIFS('[4]🧪 TC_SA'!P:P,"Thanh",'[4]🧪 TC_SA'!Q:Q,"28/03")+COUNTIFS('[5]🧪 TC_SE'!P:P,"Thanh",'[5]🧪 TC_SE'!Q:Q,"28/03")+COUNTIFS('[6]🧪 TC_RP'!P:P,"Thanh",'[6]🧪 TC_RP'!Q:Q,"28/03") | E12: =COUNTIFS('[1]🧪 TC_PR01'!P:P,"Vân Anh",'[1]🧪 TC_PR01'!Q:Q,"28/03")+COUNTIFS('[2]🧪 TC_PR02'!P:P,"Vân Anh",'[2]🧪 TC_PR02'!Q:Q,"28/03")+COUNTIFS('[3]🧪 TC_OT01'!P:P,"Vân Anh",'[3]🧪 TC_OT01'!Q:Q,"28/03")+COUNTIFS('[4]🧪 TC_SA'!P:P,"Vân Anh",'[4]🧪 TC_SA'!Q:Q,"28/03")+COUNTIFS('[5]🧪 TC_SE'!P:P,"Vân Anh",'[5]🧪 TC_SE'!Q:Q,"28/03")+COUNTIFS('[6]🧪 TC_RP'!P:P,"Vân Anh",'[6]🧪 TC_RP'!Q:Q,"28/03") | F12: =COUNTIFS('[1]🧪 TC_PR01'!P:P,"Hiệp",'[1]🧪 TC_PR01'!Q:Q,"28/03")+COUNTIFS('[2]🧪 TC_PR02'!P:P,"Hiệp",'[2]🧪 TC_PR02'!Q:Q,"28/03")+COUNTIFS('[3]🧪 TC_OT01'!P:P,"Hiệp",'[3]🧪 TC_OT01'!Q:Q,"28/03")+COUNTIFS('[4]🧪 TC_SA'!P:P,"Hiệp",'[4]🧪 TC_SA'!Q:Q,"28/03")+COUNTIFS('[5]🧪 TC_SE'!P:P,"Hiệp",'[5]🧪 TC_SE'!Q:Q,"28/03")+COUNTIFS('[6]🧪 TC_RP'!P:P,"Hiệp",'[6]🧪 TC_RP'!Q:Q,"28/03")
A13: 31/03 | B13: =COUNTIF('[1]🧪 TC_PR01'!Q:Q,"31/03")+COUNTIF('[2]🧪 TC_PR02'!Q:Q,"31/03")+COUNTIF('[3]🧪 TC_OT01'!Q:Q,"31/03")+COUNTIF('[4]🧪 TC_SA'!Q:Q,"31/03")+COUNTIF('[5]🧪 TC_SE'!Q:Q,"31/03")+COUNTIF('[6]🧪 TC_RP'!Q:Q,"31/03") | C13: =COUNTIFS('[1]🧪 TC_PR01'!P:P,"Định",'[1]🧪 TC_PR01'!Q:Q,"31/03")+COUNTIFS('[2]🧪 TC_PR02'!P:P,"Định",'[2]🧪 TC_PR02'!Q:Q,"31/03")+COUNTIFS('[3]🧪 TC_OT01'!P:P,"Định",'[3]🧪 TC_OT01'!Q:Q,"31/03")+COUNTIFS('[4]🧪 TC_SA'!P:P,"Định",'[4]🧪 TC_SA'!Q:Q,"31/03")+COUNTIFS('[5]🧪 TC_SE'!P:P,"Định",'[5]🧪 TC_SE'!Q:Q,"31/03")+COUNTIFS('[6]🧪 TC_RP'!P:P,"Định",'[6]🧪 TC_RP'!Q:Q,"31/03") | D13: =COUNTIFS('[1]🧪 TC_PR01'!P:P,"Thanh",'[1]🧪 TC_PR01'!Q:Q,"31/03")+COUNTIFS('[2]🧪 TC_PR02'!P:P,"Thanh",'[2]🧪 TC_PR02'!Q:Q,"31/03")+COUNTIFS('[3]🧪 TC_OT01'!P:P,"Thanh",'[3]🧪 TC_OT01'!Q:Q,"31/03")+COUNTIFS('[4]🧪 TC_SA'!P:P,"Thanh",'[4]🧪 TC_SA'!Q:Q,"31/03")+COUNTIFS('[5]🧪 TC_SE'!P:P,"Thanh",'[5]🧪 TC_SE'!Q:Q,"31/03")+COUNTIFS('[6]🧪 TC_RP'!P:P,"Thanh",'[6]🧪 TC_RP'!Q:Q,"31/03") | E13: =COUNTIFS('[1]🧪 TC_PR01'!P:P,"Vân Anh",'[1]🧪 TC_PR01'!Q:Q,"31/03")+COUNTIFS('[2]🧪 TC_PR02'!P:P,"Vân Anh",'[2]🧪 TC_PR02'!Q:Q,"31/03")+COUNTIFS('[3]🧪 TC_OT01'!P:P,"Vân Anh",'[3]🧪 TC_OT01'!Q:Q,"31/03")+COUNTIFS('[4]🧪 TC_SA'!P:P,"Vân Anh",'[4]🧪 TC_SA'!Q:Q,"31/03")+COUNTIFS('[5]🧪 TC_SE'!P:P,"Vân Anh",'[5]🧪 TC_SE'!Q:Q,"31/03")+COUNTIFS('[6]🧪 TC_RP'!P:P,"Vân Anh",'[6]🧪 TC_RP'!Q:Q,"31/03") | F13: =COUNTIFS('[1]🧪 TC_PR01'!P:P,"Hiệp",'[1]🧪 TC_PR01'!Q:Q,"31/03")+COUNTIFS('[2]🧪 TC_PR02'!P:P,"Hiệp",'[2]🧪 TC_PR02'!Q:Q,"31/03")+COUNTIFS('[3]🧪 TC_OT01'!P:P,"Hiệp",'[3]🧪 TC_OT01'!Q:Q,"31/03")+COUNTIFS('[4]🧪 TC_SA'!P:P,"Hiệp",'[4]🧪 TC_SA'!Q:Q,"31/03")+COUNTIFS('[5]🧪 TC_SE'!P:P,"Hiệp",'[5]🧪 TC_SE'!Q:Q,"31/03")+COUNTIFS('[6]🧪 TC_RP'!P:P,"Hiệp",'[6]🧪 TC_RP'!Q:Q,"31/03")
A14: TỔNG CỘNG | B14: =SUM(B4:B13) | C14: =SUM(C4:C13) | D14: =SUM(D4:D13) | E14: =SUM(E4:E13) | F14: =SUM(F4:F13)

Sheet 🐞 Bug Tracker
A1: BUG TRACKER — PROFIX PHASE 1
A2: Bug ID | B2: TC ID Liên quan | C2: Title | D2: Module | E2: Severity | F2: Priority | G2: Environment | H2: Steps to Reproduce | I2: Expected | J2: Actual | K2: Assigned To (Dev) | L2: Status
A3: BUG-001 | B3: PR02-HAPPY-001 | C3: [Công thức tính phí] Nhấn Xác nhận sau khi thêm cấu phần Số cố định không có phản hồi | D3: PR02 | E3: S2 | F3: P1 | G3: Staging/Chrome | H3: 1. Thêm mới CT 2. Thêm cấu phần Số cố định 3. Nhấn Xác nhận | I3: Lưu thành công, có Toast message | J3: Màn hình đứng im, không có phản hồi | K3: [Dev BE] | L3: Open

Sheet II.5.1.1.2
A1: TEST CASES — II.5.1.1.2. Thêm mới Nghiệp vụ (SPDV cấp 1)
A2: TC_ID | B2: Module | C2: Feature | D2: Title | E2: Type | F2: Category | G2: Priority | H2: Precondition | I2: Steps | J2: Expected | K2: URD_Ref | L2: BR_Ref | M2: Trace_ID | N2: Note | O2: Status R1 | P2: Tester R1 | Q2: Date R1 | R2: Status R2 | S2: Tester R2 | T2: Date R2 | U2: Final Status
A3: PR01-BR01-NEG-001 | B3: PR01 | C3: Nghiệp vụ (SPDV cấp 1) - Thêm mới | D3: Thiếu trường bắt buộc khi thêm Nghiệp vụ → chặn lưu | E3: Negative | F3: Smoke | G3: P1 | H3: 1. Maker đăng nhập (ngày T) tồn tại kết nối hệ thống. | I3: 1) Mở PR01 → nhấn “Thêm mới Nghiệp vụ”; 2) Bỏ trống 1+ trường bắt buộc (*); 3) Nhấn “Xác nhận”; 4) Quan sát thông báo | J3: (i) Logic: Thiếu mandatory → từ chối lưu. (ii) UI: Highlight trường lỗi/toast lỗi; nút vẫn ở form. (iii) OT.01: không áp dụng. (iv) Data: Không phát sinh bản ghi/audit. | K3: II.5.1.1.2/BR_01 | L3: BR_01 | M3: BR01-NGHV-REQ | U3: =IF(R3<>"", R3, O3)
A4: PR01-BR02-NEG-002 | B4: PR01 | C4: Nghiệp vụ (SPDV cấp 1) - Thêm mới | D4: Đóng/Hủy form Thêm mới Nghiệp vụ → không lưu dữ liệu | E4: Negative | F4: Regression | G4: P2 | H4: 1. Form Thêm mới Nghiệp vụ đang mở đã nhập vài trường. | I4: 1) Nhập vài trường; 2) Nhấn “Đóng/Hủy”; 3) Xác nhận (nếu có); 4) Về lưới tìm theo dữ liệu vừa nhập | J4: (i) Logic: Đóng/Hủy → không lưu. (ii) UI: Form đóng, không có toast thành công. (iii) OT.01: không áp dụng. (iv) Data: Không có bản ghi/audit. | K4: II.5.1.1.2/BR_02 | L4: BR_02 | M4: BR02-NGHV-CLOSE | U4: =IF(R4<>"", R4, O4)
A5: PR01-BR03-HAPPY-003 | B5: PR01 | C5: Nghiệp vụ (SPDV cấp 1) - Auto code | D5: Mã Nghiệp vụ tự sinh 2 ký tự tăng dần & duy nhất (01→02) | E5: Happy | F5: Smoke | G5: P1 | H5: 1. Maker đăng nhập hệ thống rỗng hoặc đang có mã 01. | I5: 1) Tạo Nghiệp vụ A hợp lệ → “Xác nhận”; 2) Tạo Nghiệp vụ B hợp lệ → “Xác nhận”; 3) Mở chi tiết A,B xem trường Mã | J5: (i) Logic: Mã auto 2 chữ số tăng dần, không trùng. (ii) UI: Field Mã hiển thị đúng và read-only. (iii) OT.01: Cả 2 bản ghi ở “Chờ duyệt”. (iv) Data: Audit CREATE ghi nhận mã. | K5: II.5.1.1.2/BR_03; II.5.1.1.2/BR_04 | L5: BR_03;BR_04 | M5: BR03-NGHV-AUTO | U5: =IF(R5<>"", R5, O5)
A6: PR01-BR03-BOUND-004 | B6: PR01 | C6: Nghiệp vụ (SPDV cấp 1) - Auto code | D6: Vượt ngưỡng mã tự tăng (tạo bản ghi thứ 100) → chặn | E6: Boundary | F6: Regression | G6: P2 | H6: 1. Đã tồn tại 99 Nghiệp vụ (01 trong môi trường test Maker đăng nhập. | I6: 1) “Thêm mới Nghiệp vụ” hợp lệ; 2) “Xác nhận” | J6: (i) Logic: Không sinh mã >99 → chặn. (ii) UI: Thông báo/tooltip nêu lý do. (iii) OT.01: không áp dụng. (iv) Data: Không tạo bản ghi. | K6: II.5.1.1.2/BR_03 | L6: BR_03 | M6: BR03-NGHV-LIMIT | U6: =IF(R6<>"", R6, O6)
A7: PR01-BR04-HAPPY-005 | B7: PR01 | C7: Nghiệp vụ (SPDV cấp 1) - Field control | D7: Không cho phép chỉnh sửa trường Mã Nghiệp vụ | E7: Happy | F7: Regression | G7: P3 | H7: 1. Có bản ghi Nghiệp vụ 'Chờ duyệt' hoặc 'Đã duyệt'. | I7: 1) Mở chi tiết bản ghi; 2) Nhấn “Sửa”; 3) Thử sửa trường Mã | J7: (i) Logic: Trường Mã không sửa được. (ii) UI: Ô Mã disabled/read-only. (iii) OT.01: Không sinh tác vụ nếu chỉ cố sửa Mã. (iv) Data: Mã giữ nguyên. | K7: II.5.1.1.2/BR_04 | L7: BR_04 | M7: BR04-NGHV-CODE-RO | U7: =IF(R7<>"", R7, O7)
A8: PR01-BR05-HAPPY-006 | B8: PR01 | C8: Nghiệp vụ (SPDV cấp 1) - Hiển thị | D8: Chưa duyệt không hiển thị trên lưới Danh mục SPDV | E8: Happy | F8: Smoke | G8: P1 | H8: 1. Vừa tạo 1 Nghiệp vụ (Chờ duyệt). | I8: 1) Về lưới PR01; 2) Lọc theo Tên/Mã vừa tạo | J8: (i) Logic: Bản ghi chưa duyệt → không hiển thị. (ii) UI: Không có kết quả. (iii) OT.01: Có tác vụ ở “Tác vụ chờ duyệt”. (iv) Data: Trạng thái=Chờ duyệt lưu DB. | K8: II.5.1.1.2/BR_05; II.5.1.1.2/BR_06 | L8: BR_05;BR_06 | M8: BR05-NGHV-NOTSHOW | U8: =IF(R8<>"", R8, O8)
A9: PR01-BR06-HAPPY-007 | B9: PR01 | C9: Nghiệp vụ (SPDV cấp 1) - Tác vụ | D9: Khoản thêm mới sinh tác vụ “Chờ duyệt” | E9: Happy | F9: Smoke | G9: P1 | H9: 1. Vừa lưu Nghiệp vụ mới. | I9: 1) Mở “Tác vụ chờ duyệt”; 2) Tìm theo Mã/Tên | J9: (i) Logic: Phải có tác vụ chờ duyệt. (ii) UI: Dòng tác vụ xuất hiện. (iii) OT.01: Log tạo tác vụ. (iv) Data: Audit CREATE/TASK. | K9: II.5.1.1.2/BR_06 | L9: BR_06 | M9: BR06-NGHV-TASK | U9: =IF(R9<>"", R9, O9)
A10: PR01-BR07-HAPPY-008 | B10: PR01 | C10: Nghiệp vụ (SPDV cấp 1) - Cấp khai báo | D10: “Cấp khai báo” auto =1 và không cho sửa | E10: Happy | F10: Regression | G10: P3 | H10: 1. Form Thêm mới Nghiệp vụ đang mở. | I10: 1) Quan sát trường “Cấp khai báo”; 2) Thử thay đổi; 3) Lưu bản ghi hợp lệ | J10: (i) Logic: Giá trị mặc định=1 & không sửa được. (ii) UI: Ô hiển thị 1 và disabled. (iii) OT.01: Bản ghi Chờ duyệt. (iv) Data: Lưu cấp= 1. | K10: II.5.1.1.2/BR_07 | L10: BR_07 | M10: BR07-NGHV-LEVEL1 | U10: =IF(R10<>"", R10, O10)
A11: PR01-BR08-NEG-009 | B11: PR01 | C11: Nghiệp vụ (SPDV cấp 1) - Hiệu lực | D11: Ngày hiệu lực/ngày hết hiệu lực quá khứ → chặn | E11: Negative | F11: Smoke | G11: P1 | H11: 1. Form Thêm mới Nghiệp vụ. | I11: 1) Chọn Ngày hiệu lực < T → “Xác nhận”; 2) Chọn Ngày hết hiệu lực < T → “Xác nhận” | J11: (i) Logic: Không cho ngày quá khứ. (ii) UI: Báo lỗi tại trường ngày. (iii) OT.01: không áp dụng. (iv) Data: Không lưu. | K11: II.5.1.1.2/BR_08 | L11: BR_08 | M11: BR08-NGHV-DATEPAST | U11: =IF(R11<>"", R11, O11)
A12: PR01-BR09-HAPPY-010 | B12: PR01 | C12: Nghiệp vụ (SPDV cấp 1) - Trạng thái theo ngày | D12: Trạng thái hoạt động theo Ngày hiệu lực (T=Đang hoạt động; >T=Không hoạt động) | E12: Happy | F12: Regression | G12: P2 | H12: 1. Tạo 2 bản ghi NV: A hiệu lực=T B hiệu lực>T. | I12: 1) Duyệt A và B; 2) Mở chi tiết kiểm tra; 3) Quan sát trạng thái hoạt động | J12: (i) Logic: A=Đang hoạt động; B=Không hoạt động (hoặc Chưa). (ii) UI: Trạng thái hiển thị đúng. (iii) OT.01: APPROVE 2 bản ghi. (iv) Data: Audit APPROVE; trạng thái lưu đúng. | K12: II.5.1.1.2/BR_09 | L12: BR_09 | M12: BR09-NGHV-STATUS | U12: =IF(R12<>"", R12, O12)
A13: PR01-BR10-HAPPY-011 | B13: PR01 | C13: Nghiệp vụ (SPDV cấp 1) - Đổi trạng thái | D13: Đổi trạng thái qua cập nhật “Ngày hết hiệu lực” | E13: Happy | F13: Regression | G13: P2 | H13: 1. Có NV đang Đang hoạt động Maker có quyền sửa. | I13: 1) Mở chi tiết → “Sửa”; 2) Cập nhật Ngày hết hiệu lực=T; 3) “Xác nhận” (sinh tác vụ); 4) Checker duyệt; 5) Kiểm tra trạng thái | J13: (i) Logic: Versioning C: cập nhật in-place; hết hiệu lực → Ngưng hoạt động; ngược lại cập nhật lại ngày để hoạt động. (ii) UI: Trạng thái đổi sau duyệt. (iii) OT.01: UPDATE + APPROVE. (iv) Data: Không tạo version record mới. | K13: II.5.1.1.2/BR_10 | L13: BR_10 | M13: BR10-NGHV-STATE-CHANGE | N13: Tuân thủ bối cảnh dự án | U13: =IF(R13<>"", R13, O13)
A14: PR01-BR11-HAPPY-012 | B14: PR01 | C14: Nghiệp vụ (SPDV cấp 1) - Metadata | D14: “Ngày tạo” tự sinh đúng định dạng | E14: Happy | F14: Regression | G14: P3 | H14: 1. Có NV vừa tạo. | I14: 1) Mở chi tiết NV; 2) Quan sát 'Ngày tạo' | J14: (i) Logic: Do hệ thống sinh theo định dạng chuẩn. (ii) UI: YYYY-MM-DD HH:MM:SS. (iii) OT.01: không áp dụng. (iv) Data: Audit time khớp. | K14: II.5.1.1.2/BR_11 | L14: BR_11 | M14: BR11-NGHV-CREATEDAT | U14: =IF(R14<>"", R14, O14)
A15: PR01-BR12-HAPPY-013 | B15: PR01 | C15: Nghiệp vụ (SPDV cấp 1) - Metadata | D15: “Người tạo” = username Maker | E15: Happy | F15: Regression | G15: P3 | H15: 1. Có NV do Maker tạo. | I15: 1) Mở chi tiết NV; 2) Quan sát 'Người tạo' | J15: (i) Logic: Lưu đúng username. (ii) UI: Hiển thị chính xác. (iii) OT.01: không áp dụng. (iv) Data: Audit CREATE ghi user. | K15: II.5.1.1.2/BR_12 | L15: BR_12 | M15: BR12-NGHV-CREATEDBY | U15: =IF(R15<>"", R15, O15)
A16: PR01-BR01D-NEG-014 | B16: PR01 | C16: SPDV chi tiết - Thêm mới | D16: Thiếu trường bắt buộc khi thêm SPDV chi tiết → chặn | E16: Negative | F16: Smoke | G16: P1 | H16: 1. Có NV cấp 1 đã duyệt Maker đăng nhập. | I16: 1) Tại NV cha → nhấn “+”; 2) Bỏ trống 1+ trường bắt buộc; 3) “Xác nhận” | J16: (i) Logic: Thiếu mandatory → chặn. (ii) UI: Highlight lỗi. (iii) OT.01: không áp dụng. (iv) Data: Không tạo. | K16: II.5.1.1.3/BR_01 | L16: BR_01 | M16: BR01D-SPDV-REQ
A17: PR01-BR02D-NEG-015 | B17: PR01 | C17: SPDV chi tiết - Thêm mới | D17: Đóng/Hủy form Thêm SPDV chi tiết → không lưu dữ liệu | E17: Negative | F17: Regression | G17: P2 | H17: 1. Form Thêm SPDV chi tiết đang mở. | I17: 1) Nhập vài trường; 2) Nhấn 'Đóng/Hủy'; 3) Trở về lưới kiểm tra | J17: (i) Logic: Hủy → không lưu. (ii) UI: Form đóng; không có toast thành công. (iii) OT.01: không áp dụng. (iv) Data: Không phát sinh bản ghi. | K17: II.5.1.1.3/BR_02 | L17: BR_02 | M17: BR02D-SPDV-CLOSE
A18: PR01-BR03D-HAPPY-016 | B18: PR01 | C18: SPDV chi tiết - Hiển thị danh sách | D18: Chỉ hiển thị bản ghi đã được Checker phê duyệt | E18: Happy | F18: Smoke | G18: P1 | H18: 1. Có 1 SPDV chi tiết vừa tạo (Chờ duyệt). | I18: 1) Về lưới Danh mục SPDV; 2) Lọc theo tên SPDV chi tiết vừa tạo; 3) Duyệt; 4) Refresh lưới | J18: (i) Logic: Chưa duyệt → không hiển thị; sau duyệt → hiển thị. (ii) UI: Lưới phản ánh đúng. (iii) OT.01: Có tác vụ/APPROVE. (iv) Data: Ghi trạng thái theo thực tế. | K18: II.5.1.1.3/BR_03 | L18: BR_03 | M18: BR03D-SPDV-VISIBILITY
A19: PR01-BR04D-HAPPY-017 | B19: PR01 | C19: SPDV chi tiết - Auto code | D19: Mã SPDV chi tiết = Mã cha + 2 số tự tăng; duy nhất | E19: Happy | F19: Smoke | G19: P1 | H19: 1. NV cha mã 06 đã duyệt Maker đăng nhập. | I19: 1) Tại 06 → nhấn “+”; 2) Nhập hợp lệ → “Xác nhận”; 3) Tạo thêm 1 bản chi tiết; 4) Kiểm tra trường Mã | J19: (i) Logic: Mã = 06xx tăng dần; không trùng. (ii) UI: Field Mã read-only. (iii) OT.01: Các bản ghi ở Chờ duyệt. (iv) Data: Audit CREATE chứa mã auto. | K19: II.5.1.1.3/BR_04; II.5.1.1.3/BR_05 | L19: BR_04;BR_05 | M19: BR04D-SPDV-AUTO
A20: PR01-BR06D-HAPPY-018 | B20: PR01 | C20: SPDV chi tiết - Ngữ cảnh cha | D20: “Cấp SPDV liền trước” hiển thị “Mã - Tên” cấp cha khi bấm “+” | E20: Happy | F20: Regression | G20: P3 | H20: 1. Có NV cha đã duyệt Maker đăng nhập. | I20: 1) Tại bản ghi cha → bấm “+”; 2) Quan sát trường “Cấp SPDV liền trước” | J20: (i) Logic: Hiển thị đúng Mã-Tên cha. (ii) UI: Label/field hiển thị giá trị cha. (iii) OT.01: không áp dụng. (iv) Data: Không đổi. | K20: II.5.1.1.3/BR_06 | L20: BR_06 | M20: BR06D-SPDV-PARENTCTX
A21: PR01-BR07D-BOUND-019 | B21: PR01 | C21: SPDV chi tiết - Giới hạn cấp | D21: Sản phẩm không vượt số cấp tối đa PRODUCT_LEVEL | E21: Boundary | F21: Regression | G21: P2 | H21: 1. PRODUCT_LEVEL=n (ví dụ cây đang ở cấp n. | I21: 1) Thử tạo thêm cấp con tại bản ghi cấp n; 2) Quan sát thông báo; 3) “Xác nhận” | J21: (i) Logic: Không cho vượt cấp tối đa. (ii) UI: Disable/ cảnh báo phù hợp. (iii) OT.01: không áp dụng. (iv) Data: Không tạo. | K21: II.5.1.1.3/BR_07; II.5.1.1.3/BR_10 | L21: BR_07;BR_10 | M21: BR07D-SPDV-MAXLVL
A22: PR01-BR08D-NEG-020 | B22: PR01 | C22: SPDV chi tiết - Quan hệ cha | D22: Bắt buộc có đủ n−1 cấp cha trước khi khai báo cấp cuối | E22: Negative | F22: Smoke | G22: P1 | H22: 1. PRODUCT_LEVEL=n thiếu 1 cấp cha ở giữa. | I22: 1) Cố tạo SPDV cấp n; 2) “Xác nhận” | J22: (i) Logic: Thiếu cấp cha → chặn. (ii) UI: Thông báo nêu rõ cấp thiếu. (iii) OT.01: không áp dụng. (iv) Data: Không tạo. | K22: II.5.1.1.3/BR_08 | L22: BR_08 | M22: BR08D-SPDV-MISS-PARENT
A23: PR01-BR09D-HAPPY-021 | B23: PR01 | C23: SPDV chi tiết - Cảnh báo cấp cuối | D23: Hiển thị thông tin “Đây là cấp cuối cùng…” khi khai báo cấp n | E23: Happy | F23: Regression | G23: P3 | H23: 1. Đang tạo SPDV ở cấp n. | I23: 1) Mở form tạo ở cấp n; 2) Quan sát thông tin/label cảnh báo cấp cuối | J23: (i) Logic: Hệ thống hiển thị thông tin cấp cuối. (ii) UI: Text cảnh báo hiển thị đúng. (iii) OT.01: không áp dụng. (iv) Data: không đổi. | K23: II.5.1.1.3/BR_09 | L23: BR_09 | M23: BR09D-SPDV-LASTLEVEL
A24: PR01-BR11D-NEG-022 | B24: PR01 | C24: SPDV chi tiết - Hiệu lực | D24: Ngày hiệu lực/hết hiệu lực quá khứ → chặn | E24: Negative | F24: Smoke | G24: P1 | H24: 1. Form Thêm SPDV chi tiết. | I24: 1) Chọn ngày hiệu lực < T → “Xác nhận”; 2) Chọn ngày hết hiệu lực < T → “Xác nhận” | J24: (i) Logic: Không cho ngày quá khứ. (ii) UI: Báo lỗi tại trường ngày. (iii) OT.01: không áp dụng. (iv) Data: Không lưu. | K24: II.5.1.1.3/BR_11 | L24: BR_11 | M24: BR11D-SPDV-DATEPAST
A25: PR01-BR12D-HAPPY-023 | B25: PR01 | C25: SPDV chi tiết - Trạng thái theo ngày | D25: Trạng thái hoạt động theo Ngày hiệu lực (T=Đang; >T=Chưa) | E25: Happy | F25: Regression | G25: P2 | H25: 1. Tạo 2 SPDV chi tiết: A hiệu lực=T B hiệu lực>T. | I25: 1) Duyệt A,B; 2) Mở chi tiết; 3) Kiểm tra trạng thái | J25: (i) Logic: A=Đang hoạt động; B=Chưa hoạt động. (ii) UI: Trạng thái hiển thị đúng. (iii) OT.01: APPROVE. (iv) Data: Audit đúng. | K25: II.5.1.1.3/BR_12 | L25: BR_12 | M25: BR12D-SPDV-STATUS
A26: PR01-BR13D-NEG-024 | B26: PR01 | C26: SPDV chi tiết - Quan hệ hiệu lực | D26: Hiệu lực con phải nằm trong khoảng hiệu lực cha → vi phạm bị chặn | E26: Negative | F26: Smoke | G26: P1 | H26: 1. Cha hiệu lực [T1–T2] Maker đăng nhập. | I26: 1) Tạo SPDV con với [T1' < T1] hoặc [T2' > T2]; 2) “Xác nhận” | J26: (i) Logic: Con vượt ngoài cha → chặn. (ii) UI: Lỗi nêu rõ quan hệ cha-con. (iii) OT.01: không áp dụng. (iv) Data: Không tạo. | K26: II.5.1.1.3/BR_13 | L26: BR_13 | M26: BR13D-SPDV-CHILD-INHERIT
A27: PR01-BR14D-HAPPY-025 | B27: PR01 | C27: SPDV chi tiết - Đổi trạng thái | D27: Đổi trạng thái qua cập nhật “Ngày hết hiệu lực” | E27: Happy | F27: Regression | G27: P2 | H27: 1. Có SPDV chi tiết đang Đang hoạt động Maker có quyền sửa. | I27: 1) Mở chi tiết → “Sửa”; 2) Đặt Ngày hết hiệu lực=T; 3) “Xác nhận” (sinh tác vụ); 4) Checker duyệt; 5) Kiểm tra trạng thái | J27: (i) Logic: Hết hiệu lực → Ngưng hoạt động; có thể đổi ngược bằng hiệu lực mới. (ii) UI: Trạng thái đổi sau duyệt. (iii) OT.01: UPDATE + APPROVE (Versioning C). (iv) Data: Cập nhật in-place. | K27: II.5.1.1.3/BR_14 | L27: BR_14 | M27: BR14D-SPDV-STATE-CHANGE
... A29: PR01-BR18D-HAPPY-027 | B29: PR01 | C29: SPDV chi tiết - Metadata | D29: “Người tạo” = username Maker | E29: Happy | F29: Regression | G29: P3 | H29: 1. Có SPDV chi tiết do Maker tạo. | I29: 1) Mở chi tiết; 2) Kiểm tra 'Người tạo' | J29: (i) Logic: Lưu đúng username Maker. (ii) UI: Hiển thị chính xác. (iii) OT.01: không áp dụng. (iv) Data: Audit CREATE ghi user. | K29: II.5.1.1.3/BR_18 | L29: BR_18 | M29: BR18D-SPDV-CREATEDBY
A30: PR01-FLOW-OT01-HAPPY-028 | B30: PR01 | C30: OT.01 - Phê duyệt (NV & SPDV) | D30: Checker phê duyệt → bản ghi hiển thị trên lưới và khả dụng | E30: Happy | F30: Smoke | G30: P1 | H30: 1. Có ít nhất 1 NV và 1 SPDV chi tiết ở trạng thái 'Chờ duyệt'. | I30: 1) Checker mở “Tác vụ chờ duyệt”; 2) Chọn tác vụ NV → “Duyệt”; 3) Chọn tác vụ SPDV → “Duyệt”; 4) Về lưới kiểm tra hiển thị | J30: (i) Logic: Trạng thái chuyển “Đã duyệt”, bản ghi khả dụng. (ii) UI: Xuất hiện trên lưới. (iii) OT.01: Audit APPROVE (user,timestamp). (iv) Data: Lưu trạng thái & log. | K30: II.5.1.1.2/BR_06; II.5.1.1.3/BR_16 | L30: BR_06;BR_16 | M30: FLOW-APPROVE | U30: =IF(R16<>"", R16, O16)
A31: PR01-FLOW-OT01-NEG-029 | B31: PR01 | C31: OT.01 - Từ chối (NV & SPDV) | D31: Checker từ chối → không hiển thị trên lưới | E31: Negative | F31: Smoke | G31: P1 | H31: 1. Có 1 NV/SPDV chi tiết ở Chờ duyệt. | I31: 1) Checker vào “Tác vụ chờ duyệt”; 2) Chọn tác vụ → “Từ chối”, nhập lý do; 3) Về lưới kiểm tra | J31: (i) Logic: Bị từ chối → không hiển thị/không áp dụng. (ii) UI: Lý do hiển thị tại lịch sử. (iii) OT.01: Audit REJECT. (iv) Data: Trạng thái Từ chối lưu DB. | K31: II.5.1.1.2/BR_05; II.5.1.1.3/BR_15 | L31: BR_05;BR_15 | M31: FLOW-REJECT | U31: =IF(R17<>"", R17, O17)
A32: PR01-FLOW-EFF-HAPPY-030 | B32: PR01 | C32: OT.01 - Sửa hiệu lực (Versioning C) | D32: Sửa ngày hiệu lực hợp lệ ở mọi trạng thái → cập nhật in-place sau duyệt | E32: Happy | F32: Regression | G32: P2 | H32: 1. Có NV hoặc SPDV chi tiết 'Đã duyệt' Maker có quyền sửa. | I32: 1) Maker mở chi tiết → “Sửa”; 2) Nhập [T1'–T2'] hợp lệ (không quá khứ/không vượt cha/không end<start); 3) “Xác nhận” (sinh tác vụ); 4) Checker duyệt; 5) Kiểm tra lại chi tiết | J32: (i) Logic: Versioning C: update in-place; không tạo version mới. (ii) UI: Tác vụ xuất hiện và sau duyệt hiệu lực mới hiển thị. (iii) OT.01: Audit UPDATE + APPROVE. (iv) Data: Bản ghi hiện hữu được cập nhật. | K32: II.5.1.1.2; II.5.1.1.3 | L32: (theo bối cảnh dự án) | M32: FLOW-EFF-VALID | N32: Áp dụng rule hiệu lực chung của dự án | U32: =IF(R18<>"", R18, O18)
A33: PR01-FLOW-EFF-NEG-031 | B33: PR01 | C33: OT.01 - Sửa hiệu lực (Versioning C) | D33: Sửa hiệu lực end<start/ra quá khứ/child vượt cha → chặn & không tạo tác vụ | E33: Negative | F33: Regression | G33: P2 | H33: 1. Có bản ghi ở trạng thái bất kỳ Maker mở Sửa. | I33: 1) Nhập Ngày hết < Ngày hiệu lực; 2) Hoặc chọn ngày quá khứ; 3) Với SPDV con: đặt hiệu lực vượt cha; 4) “Xác nhận” | J33: (i) Logic: Vi phạm logic hiệu lực → chặn. (ii) UI: Báo lỗi chi tiết. (iii) OT.01: Không sinh tác vụ. (iv) Data: Không thay đổi. | K33: II.5.1.1.2/BR_08; II.5.1.1.3/BR_11; II.5.1.1.3/BR_13 | M33: FLOW-EFF-INVALID | U33: =IF(R19<>"", R19, O19)
A34: PR01-UI-01-OPEN-032 | B34: PR01 | C34: UI - Thêm mới Nghiệp vụ | D34: Mở form Thêm mới Nghiệp vụ hiển thị đúng & “Cấp khai báo”=1 (read-only) | E34: Happy | F34: Regression | G34: P3 | H34: 1. Maker đăng nhập. | I34: 1) PR01 → “Thêm mới Nghiệp vụ”; 2) Quan sát các trường; 3) Kiểm tra “Cấp khai báo”=1 và disabled | J34: (i) Logic: không áp dụng. (ii) UI: Form/fields hiển thị đúng trạng thái. (iii) OT.01: không áp dụng. (iv) Data: không đổi. | K34: II.5.1.1.2/Step-2 | L34: UI-FUNC.01 | M34: UI-NGHV-OPEN | N34: UI-only; logic đã cover ở BR_07 | U34: =IF(R20<>"", R20, O20)
A35: PR01-UI-02-OPEN-033 | B35: PR01 | C35: UI - Thêm mới SPDV chi tiết | D35: Mở form Thêm SPDV chi tiết từ cấp cha hiển thị “Cấp SPDV liền trước: Mã - Tên” | E35: Happy | F35: Regression | G35: P3 | H35: 1. Có SPDV cha đã duyệt Maker đăng nhập. | I35: 1) Tại bản ghi cha → bấm “+”; 2) Quan sát label/field “Cấp SPDV liền trước” | J35: (i) Logic: không áp dụng. (ii) UI: Hiển thị đúng Mã - Tên cha. (iii) OT.01: không áp dụng. (iv) Data: không đổi. | K35: II.5.1.1.3/BR_06 | L35: UI-FUNC.02 | M35: UI-SPDV-OPEN | U35: =IF(R21<>"", R21, O21)
A36: PR01-UI-03-VIEW-034 | B36: PR01 | C36: UI - Xem | D36: Xem chi tiết NV/SPDV ở chế độ read-only | E36: Happy | F36: Regression | G36: P3 | H36: 1. Có dữ liệu NV/SPDV. | I36: 1) Chọn 1 bản ghi → “Xem”; 2) Kiểm tra trạng thái field (read-only) | J36: (i) Logic: không áp dụng. (ii) UI: Màn hình chỉ xem (khóa chỉnh sửa). (iii) OT.01: không áp dụng. (iv) Data: không đổi. | K36: II.5.1.1.1 | L36: UI-FUNC.03 | M36: UI-VIEW-RO | U36: =IF(R22<>"", R22, O22)
A37: PR01-UI-04-EDITNAV-035 | B37: PR01 | C37: UI - Sửa | D37: Điều hướng Sửa → Lưu → quay lại lưới vẫn giữ giá trị đã lưu | E37: Happy | F37: Regression | G37: P3 | H37: 1. Có bản ghi NV hoặc SPDV Maker có quyền sửa. | I37: 1) Chọn bản ghi → “Sửa”; 2) Đổi mô tả → “Xác nhận”; 3) Về lưới → mở lại chi tiết | J37: (i) Logic: không áp dụng. (ii) UI: Giá trị đã lưu hiển thị đúng; điều hướng mượt. (iii) OT.01: Nếu thuộc luồng duyệt → sinh tác vụ. (iv) Data: Audit UPDATE ghi trường thay đổi. | K37: II.5.1.1.1 | L37: UI-FUNC.04 | M37: UI-EDIT-NAV | N37: Không kiểm rule hiệu lực (đã có FLOW-EFF-…) | U37: =IF(R23<>"", R23, O23)
A38: PR01-UI-05-FILTER-036 | B38: PR01 | C38: UI - Lọc | D38: Tìm kiếm theo Tên/Mã/Trạng thái; “Xóa lọc” khôi phục lưới | E38: Happy | F38: Regression | G38: P2 | H38: 1. Có nhiều bản ghi NV & SPDV. | I38: 1) Lọc theo Tên; 2) Lọc theo Mã; 3) Lọc theo Trạng thái; 4) Nhấn “Xóa lọc” | J38: (i) Logic: không áp dụng. (ii) UI: Bộ lọc trả kết quả đúng; Xóa lọc khôi phục. (iii) OT.01: không áp dụng. (iv) Data: không đổi. | K38: II.5.1.1.1 | L38: UI-FUNC.05 | M38: UI-FILTER-BASIC | U38: =IF(R24<>"", R24, O24)
A39: PR01-UI-06-EXPORT-037 | B39: PR01 | C39: UI - Tải xuống | D39: Export dữ liệu lưới ra .xlsx (theo lọc & toàn bộ) | E39: Happy | F39: Regression | G39: P2 | H39: 1. Có dữ liệu đã áp dụng 1 bộ lọc. | I39: 1) Nhấn “Tải xuống” → chọn .xlsx; 2) Mở file kiểm tra; 3) Xóa lọc → export lại; 4) So sánh 2 file | J39: (i) Logic: không áp dụng. (ii) UI: Hộp thoại export hoạt động; file sinh thành công. (iii) OT.01: không áp dụng. (iv) File: Lần 1 theo bộ lọc; lần 2 toàn bộ. | K39: II.5.1.1.1 | L39: UI-FUNC.06 | M39: UI-EXPORT-BASIC | U39: =IF(R25<>"", R25, O25)
A40: PR01-UI-07-ADDCODE-038 | B40: PR01 | C40: UI - Thêm code phí | D40: Điều hướng “Thêm code phí” từ SPDV cấp cuối mở đúng form khởi tạo | E40: Happy | F40: Regression | G40: P2 | H40: 1. Có SPDV cấp cuối đã duyệt Maker đăng nhập. | I40: 1) Tại SPDV cuối → nhấn “Thêm code phí”; 2) Quan sát form khởi tạo; 3) Quay lại | J40: (i) Logic: không áp dụng. (ii) UI: Form Add Code phí mở đúng ngữ cảnh SPDV cuối. (iii) OT.01: không áp dụng. (iv) Data: không đổi. | K40: II.5.1.1.1 | L40: UI-FUNC.07 | M40: UI-ADDCODE-NAV | N40: UI-only; BR Code phí nằm ngoài phạm vi URD-đoạn này | U40: =IF(R26<>"", R26, O26)
A41: PR01-UI-META-039 | B41: PR01 | C41: UI - Lưới/Meta | D41: Cột “Ngày tạo/Người tạo” hiển thị đúng định dạng & giá trị | E41: Happy | F41: Regression | G41: P3 | H41: 1. Có dữ liệu nhiều bản ghi. | I41: 1) Mở lưới; 2) Bật hiển thị cột Ngày tạo/Người tạo; 3) Quan sát định dạng & giá trị | J41: (i) Logic: không áp dụng. (ii) UI: Ngày định dạng chuẩn; Người tạo hiển thị đúng. (iii) OT.01: không áp dụng. (iv) Data: khớp DB/audit. | K41: II.5.1.1.2/BR_11; II.5.1.1.2/BR_12; II.5.1.1.3/BR_17; II.5.1.1.3/BR_18 | L41: UI-FUNC.05 | M41: UI-META-DISPLAY | N41: UI chỉ kiểm hiển thị; logic auto đã có BR11/12 & BR17/18 | U41: =IF(R27<>"", R27, O27)
A42: PR01-NOTE-ONLY-040 | B42: PR01 | C42: Note only | D42: ĐÃ COVER logic “Chưa duyệt không hiển thị” cho NV & SPDV | E42: Note only | F42: - | G42: P3 | I42: - | J42: ĐÃ COVER ở PR01-BR05-HAPPY-006 và PR01-BR03D-HAPPY-016 (URD_Ref II. 5. 1. 1.2/BR_05; II. 5. 1. 1.3/BR_03) | K42: II.5.1.1.2/BR_05; II.5.1.1.3/BR_03 | L42: - | M42: DEDUP-NOTSHOW
A43: PR01-BR03-BOU-041 | B43: PR01 | C43: Thêm mới Nghiệp vụ | D43: BR_03: Hệ thống đạt giới hạn 99 bản ghi Nghiệp vụ | E43: Boundary | F43: Regression | G43: P2 | H43: 1. Hệ thống đã có 99 bản ghi Nghiệp vụ cấp 1. | I43: 1. Thực hiện mở form Thêm mới. 2. Quan sát logic sinh mã (Series 01-99). | J43: (i) Logic: Chặn thêm mới khi hết dải số (hoặc báo liên hệ Admin). (ii) UI: Mã tự sinh không thể hiển thị giá trị hợp lệ (>99). (iii) Trạng thái: N/A. (iv) Khác: N/A | K43: BR Code: BR_03 | L43: BR_03 | M43: BR03-LIMIT | N43: Bổ sung GAPs review. | U43: =IF(R28<>"", R28, O28)
A44: PR01-BR08-NEG-042 | B44: PR01 | C44: Thành phần Ngày hiệu lực | D44: BR_08: Chọn Ngày hiệu lực trong quá khứ (T-1) | E44: Negative | F44: Regression | G44: P1 | H44: 1. Maker đang ở màn hình Thêm mới. | I44: 1. Tại ô 'Ngày hiệu lực', chọn ngày nhỏ hơn T. 2. Nhấn Xác nhận. | J44: (i) Logic: Hệ thống validate ngày hiệu lực >= Today. (ii) UI: Toast lỗi: 'Ngày hiệu lực không được nhỏ hơn ngày hiện tại'. (iii) Trạng thái: N/A. (iv) Khác: N/A | K44: BR Code: BR_08 | L44: BR_08 | M44: BR08-NEG-PAST | N44: Bổ sung GAPs review. | U44: =IF(R29<>"", R29, O29)
A45: PR01-BR09-HAP-043 | B45: PR01 | C45: Trạng thái tự động | D45: BR_09: Tự động cập nhật 'Đang hoạt động' khi Today = Ngày hiệu lực | E45: HappyPath | F45: Smoke | G45: P1 | H45: 1. Ngày hiện tại = 2026-03- Ngày hiệu lực nhập = 2026-03-19. | I45: 1. Tạo bản ghi với Ngày hiệu lực = Today. 2. Checker phê duyệt thành công. 3. Kiểm tra thông tin tại màn hình Danh sách. | J45: (i) Logic: Trạng thái tự động chuyển thành 'Đang hoạt động'. (ii) UI: Cột Trạng thái hiển thị nhãn màu xanh (Đang hoạt động). (iii) Trạng thái/Audit: Bản ghi Active. (iv) Khác: N/A | K45: BR Code: BR_09 | L45: BR_09 | M45: BR09-HAP-ACT | N45: Bổ sung GAPs review. | U45: =IF(R30<>"", R30, O30)
A46: PR01-BR09-HAP-044 | B46: PR01 | C46: Trạng thái tự động | D46: BR_09: Trạng thái 'Không hoạt động' khi Today < Ngày hiệu lực | E46: HappyPath | F46: Regression | G46: P2 | H46: 1. Ngày hiện tại = 2026-03- Ngày hiệu lực nhập = 2026-03-25. | I46: 1. Tạo bản ghi với Ngày hiệu lực trong tương lai. 2. Checker phê duyệt thành công. 3. Kiểm tra thông tin tại màn hình Danh sách. | J46: (i) Logic: Trạng thái là 'Không hoạt động' cho tới khi tới ngày hiệu lực. (ii) UI: Cột Trạng thái hiển thị đúng giá trị 'Không hoạt động'. (iii) Trạng thái/Audit: Bản ghi Inactive. (iv) Khác: N/A | K46: BR Code: BR_09 | L46: BR_09 | M46: BR09-HAP-INACT | N46: Bổ sung GAPs review. | U46: =IF(R31<>"", R31, O31)
A47: PR01-BR10-FLOW-045 | B47: PR01 | C47: Đổi trạng thái | D47: BR_10: Đổi trạng thái từ 'Đang hoạt động' sang 'Ngưng hoạt động' qua Ngày kết thúc | E47: Flow | F47: Regression | G47: P2 | H47: 1. Bản ghi đang hoạt động. | I47: 1. Thực hiện Sửa Nghiệp vụ. 2. Nhập Ngày hết hiệu lực = Today. 3. Nhấn Xác nhận và Checker duyệt. | J47: (i) Logic: Trạng thái Nghiệp vụ chuyển sang 'Ngưng hoạt động'. (ii) UI: Hiển thị đúng nhãn trạng thái mới trên lưới. (iii) Trạng thái/Audit: Ghi nhận lịch sử thay đổi. (iv) Khác: N/A | K47: BR Code: BR_10 | L47: BR_10 | M47: BR10-FLOW-STOP | N47: Bổ sung GAPs review. | U47: =IF(R32<>"", R32, O32)
A48: PR01-BR04-NEG-046 | B48: PR01 | C48: Bảo vệ dữ liệu | D48: BR_04: Cố định Mã nghiệp vụ (Read-only) | E48: Negative | F48: Regression | G48: P3 | H48: 1. Đang mở màn hình Thêm mới/Sửa. | I48: 1. Thực hiện click vào ô Mã nghiệp vụ. 2. Cố gắng nhập liệu hoặc xóa dữ liệu. | J48: (i) Logic: Trường Mã là tự sinh và không cho phép can thiệp từ người dùng. (ii) UI: Ô input bị mờ (Disabled/ReadOnly), không có con trỏ nhập liệu. (iii) Trạng thái/Audit: N/A. (iv) Khác: N/A | K48: BR Code: BR_04 | L48: BR_04 | M48: BR04-CODE-RO | N48: Bổ sung GAPs review. | U48: =IF(R33<>"", R33, O33)
A49: PR01-BR07-NEG-047 | B49: PR01 | C49: Bảo vệ dữ liệu | D49: BR_07: Cố định Cấp SPDV = 1 (Read-only) | E49: Negative | F49: Regression | G49: P3 | H49: 1. Đang thêm mới Nghiệp vụ (Cấp 1). | I49: 1. Kiểm tra trường 'Cấp khai báo'. 2. Cố gắng thay đổi sang cấp khác (2, 3). | J49: (i) Logic: Đối với Nghiệp vụ, Cấp mặc định là 1 và không được thay đổi. (ii) UI: Hiển thị giá trị 1 và không cho phép click chọn/đổi giá trị. (iii) Trạng thái/Audit: N/A. (iv) Khác: N/A | K49: BR Code: BR_07 | L49: BR_07 | M49: BR07-LEVEL-RO | N49: Bổ sung GAPs review. | U49: =IF(R34<>"", R34, O34)

Sheet II.5.1.1.3
A1: TEST CASES — II.5.1.1.3. Thêm mới Sản phẩm,
A2: TC_ID | B2: Module | C2: Feature | D2: Title | E2: Type | F2: Category | G2: Priority | H2: Precondition | I2: Steps | J2: Expected | K2: URD_Ref | L2: BR_Ref | M2: Trace_ID | N2: Note | O2: Status R1 | P2: Tester R1 | Q2: Date R1 | R2: Status R2 | S2: Tester R2 | T2: Date R2 | U2: Final Status
A3: PR01D-BR01-NEG-001 | B3: PR01 | C3: SPDV chi tiết - Thêm mới | D3: Thiếu trường bắt buộc khi thêm SPDV chi tiết → chặn lưu | E3: Negative | F3: Smoke | G3: P1 | H3: 1. Có NV (SPDV cấp đã duyệt Maker đăng nhập ngày T. | I3: 1) Tại bản ghi NV cha → nhấn “+”; 2) Bỏ trống 1+ trường bắt buộc (*); 3) Nhấn “Xác nhận” | J3: (i) Logic: Thiếu mandatory → từ chối lưu. (ii) UI: Highlight trường lỗi/toast lỗi; form không đóng. (iii) OT.01: không sinh tác vụ. (iv) Data: Không tạo bản ghi/audit. | K3: II.5.1.1.3/BR_01 | L3: BR_01 | M3: BR01-SPDV-REQ | U3: =IF(R3<>"", R3, O3)
A4: PR01D-BR02-NEG-002 | B4: PR01 | C4: SPDV chi tiết - Thêm mới | D4: Đóng/Hủy form Thêm SPDV chi tiết → không lưu dữ liệu | E4: Negative | F4: Regression | G4: P2 | H4: 1. Form Thêm SPDV chi tiết đang mở đã nhập vài trường. | I4: 1) Nhập vài trường; 2) Nhấn “Đóng/Hủy”; 3) Xác nhận nếu có; 4) Về lưới tìm theo dữ liệu vừa nhập | J4: (i) Logic: Đóng/Hủy → không lưu. (ii) UI: Form đóng, không có toast thành công. (iii) OT.01: không áp dụng. (iv) Data: Không phát sinh CREATE/audit. | K4: II.5.1.1.3/BR_02 | L4: BR_02 | M4: BR02-SPDV-CLOSE | U4: =IF(R4<>"", R4, O4)
A5: PR01D-BR03-HAPPY-003 | B5: PR01 | C5: SPDV chi tiết - Hiển thị danh sách | D5: Chỉ hiển thị bản ghi SPDV chi tiết đã được Checker phê duyệt | E5: Happy | F5: Smoke | G5: P1 | H5: 1. Có 1 SPDV chi tiết vừa tạo (Chờ duyệt). | I5: 1) Về lưới Danh mục SPDV; 2) Lọc theo Tên/Mã SPDV chi tiết; 3) Duyệt tác vụ; 4) Refresh lưới | J5: (i) Logic: Pending → không hiển thị; sau duyệt → hiển thị. (ii) UI: Lưới phản ánh đúng. (iii) OT.01: Có tác vụ/APPROVE ghi nhận. (iv) Data: Trạng thái chuyển ‘Đã duyệt’. | K5: II.5.1.1.3/BR_03 | L5: BR_03 | M5: BR03-SPDV-LIST-VIS | U5: =IF(R5<>"", R5, O5)
A6: PR01D-BR04-HAPPY-004 | B6: PR01 | C6: SPDV chi tiết - Auto code | D6: Mã SPDV chi tiết = [Mã cha] + 2 số tự tăng; duy nhất | E6: Happy | F6: Smoke | G6: P1 | H6: 1. NV cha mã 06 đã duyệt Maker đăng nhập. | I6: 1) Tại 06 → bấm “+” tạo SPDV chi tiết A → “Xác nhận”; 2) Tạo tiếp SPDV chi tiết B → “Xác nhận”; 3) Mở chi tiết A/B xem trường Mã | J6: (i) Logic: Mã sinh 0601, 0602…; duy nhất. (ii) UI: Trường Mã read‑only. (iii) OT.01: Hai bản ghi ở ‘Chờ duyệt’. (iv) Data: Audit CREATE có mã auto. | K6: II.5.1.1.3/BR_04; II.5.1.1.3/BR_05 | L6: BR_04;BR_05 | M6: BR04-SPDV-AUTOCODE | U6: =IF(R6<>"", R6, O6)
A7: PR01D-BR04-BOUND-005 | B7: PR01 | C7: SPDV chi tiết - Auto code | D7: Tạo bản ghi thứ 100 dưới cùng 1 cha (… 0600) → vượt ngưỡng 99 → chặn | E7: Boundary | F7: Regression | G7: P2 | H7: 1. Dưới mã cha 06 đã có 99 bản chi tiết (0601. | I7: 1) Thử tạo thêm bản chi tiết thứ 100; 2) “Xác nhận” | J7: (i) Logic: Không cấp mã >99 → chặn. (ii) UI: Thông báo rõ ngưỡng. (iii) OT.01: không áp dụng. (iv) Data: Không tạo bản ghi. | K7: II.5.1.1.3/BR_04 | L7: BR_04 | M7: BR04-SPDV-OVER99 | U7: =IF(R7<>"", R7, O7)
A8: PR01D-BR05-HAPPY-006 | B8: PR01 | C8: SPDV chi tiết - Field control | D8: Trường Mã SPDV chi tiết không cho phép chỉnh sửa | E8: Happy | F8: Regression | G8: P3 | H8: 1. Có SPDV chi tiết trạng thái Chờ duyệt hoặc Đã duyệt. | I8: 1) Mở chi tiết → “Sửa”; 2) Thử thay đổi trường Mã; 3) Lưu | J8: (i) Logic: Không cho sửa Mã. (ii) UI: Ô Mã disabled/read‑only. (iii) OT.01: Nếu chỉ sửa Mã → chặn; sửa trường khác → sinh tác vụ. (iv) Data: Mã giữ nguyên. | K8: II.5.1.1.3/BR_05 | L8: BR_05 | M8: BR05-SPDV-CODE-RO | U8: =IF(R8<>"", R8, O8)
A9: PR01D-BR06-HAPPY-007 | B9: PR01 | C9: SPDV chi tiết - Ngữ cảnh cha | D9: “Cấp SPDV liền trước” hiển thị đúng “Mã - Tên” cấp cha khi bấm “+” | E9: Happy | F9: Regression | G9: P3 | H9: 1. Có bản ghi cha đã duyệt Maker đăng nhập. | I9: 1) Ở bản ghi cha → bấm “+”; 2) Quan sát trường “Cấp SPDV liền trước” | J9: (i) Logic: Lấy đúng Mã‑Tên cha. (ii) UI: Label hiển thị chính xác. (iii) OT.01: không áp dụng. (iv) Data: Không thay đổi. | K9: II.5.1.1.3/BR_06 | L9: BR_06 | M9: BR06-SPDV-PARENTCTX | U9: =IF(R9<>"", R9, O9)
A10: PR01D-BR07-BOUND-008 | B10: PR01 | C10: SPDV chi tiết - Giới hạn cấp | D10: Không cho phép tạo cấp vượt PRODUCT_LEVEL | E10: Boundary | F10: Regression | G10: P2 | H10: 1. PRODUCT_LEVEL = n (vd n=5) cây đang ở cấp n. | I10: 1) Ở cấp n → bấm “+”; 2) Quan sát cảnh báo; 3) Thử ‘Xác nhận’ | J10: (i) Logic: Vượt cấp tối đa → chặn. (ii) UI: Vùng thêm con disabled/hiển thị cảnh báo. (iii) OT.01: không áp dụng. (iv) Data: Không tạo. | K10: II.5.1.1.3/BR_07; II.5.1.1.3/BR_10 | L10: BR_07;BR_10 | M10: BR07-SPDV-MAXLEVEL | U10: =IF(R10<>"", R10, O10)
A11: PR01D-BR08-NEG-009 | B11: PR01 | C11: SPDV chi tiết - Quan hệ cha | D11: Bắt buộc khai báo đủ n−1 cấp cha trước khi khai báo cấp cuối n | E11: Negative | F11: Smoke | G11: P1 | H11: 1. PRODUCT_LEVEL=n còn thiếu 1 cấp cha ở giữa. | I11: 1) Cố tạo SPDV cấp n khi thiếu cấp cha; 2) Nhấn “Xác nhận” | J11: (i) Logic: Thiếu cấp cha → chặn. (ii) UI: Nêu rõ cấp thiếu. (iii) OT.01: không áp dụng. (iv) Data: Không tạo. | K11: II.5.1.1.3/BR_08 | L11: BR_08 | M11: BR08-SPDV-MISS-PARENT | U11: =IF(R11<>"", R11, O11)
A12: PR01D-BR09-HAPPY-010 | B12: PR01 | C12: SPDV chi tiết - Cảnh báo cấp cuối | D12: Hiển thị nhãn “Đây là cấp cuối cùng…” khi khai báo cấp n | E12: Happy | F12: Regression | G12: P3 | H12: 1. Đang thao tác ở cấp n. | I12: 1) Mở form ở cấp n; 2) Quan sát thông tin cảnh báo cấp cuối | J12: (i) Logic: Hệ thống hiển thị đúng thông điệp. (ii) UI: Text cảnh báo hiển thị. (iii) OT.01: không áp dụng. (iv) Data: Không đổi. | K12: II.5.1.1.3/BR_09 | L12: BR_09 | M12: BR09-SPDV-LASTLEVEL | U12: =IF(R12<>"", R12, O12)
A13: PR01D-BR10-NEG-011 | B13: PR01 | C13: SPDV chi tiết - Cấm thêm con ở cấp cuối | D13: Tại bản ghi cấp n không thể thêm mới SPDV cấp con | E13: Negative | F13: Regression | G13: P2 | H13: 1. Có SPDV cấp n Maker đăng nhập. | I13: 1) Vào bản ghi cấp n; 2) Kiểm tra sự hiện diện/enable của nút “+” | J13: (i) Logic: Không cho phép thêm con tại cấp n. (ii) UI: Nút “+” ẩn/disabled. (iii) OT.01: không áp dụng. (iv) Data: Không phát sinh bản ghi. | K13: II.5.1.1.3/BR_10 | L13: BR_10 | M13: BR10-SPDV-NO-CHILD | U13: =IF(R13<>"", R13, O13)
A14: PR01D-BR11-NEG-012 | B14: PR01 | C14: SPDV chi tiết - Hiệu lực | D14: Ngày hiệu lực hoặc Ngày hết hiệu lực ở quá khứ → chặn | E14: Negative | F14: Smoke | G14: P1 | H14: 1. Form Thêm mới SPDV chi tiết mở ngày T. | I14: 1) Đặt Ngày hiệu lực < T → “Xác nhận”; 2) Đặt Ngày hết hiệu lực < T → “Xác nhận” | J14: (i) Logic: Không cho ngày quá khứ. (ii) UI: Lỗi tại trường ngày. (iii) OT.01: không áp dụng. (iv) Data: Không lưu. | K14: II.5.1.1.3/BR_11 | L14: BR_11 | M14: BR11-SPDV-DATEPAST | U14: =IF(R14<>"", R14, O14)
... A16: PR01D-BR13-NEG-014 | B16: PR01 | C16: SPDV chi tiết - Quan hệ hiệu lực | D16: Hiệu lực con phải nằm trong khoảng hiệu lực cha → vi phạm bị chặn | E16: Negative | F16: Smoke | G16: P1 | H16: 1. Cha hiệu lực [T1–T2] Maker đăng nhập. | I16: 1) Tạo con với [T1' < T1] hoặc [T2' > T2]; 2) “Xác nhận” | J16: (i) Logic: Con vượt ngoài cha → từ chối. (ii) UI: Thông báo nêu rõ quan hệ cha–con. (iii) OT.01: không áp dụng. (iv) Data: Không lưu. | K16: II.5.1.1.3/BR_13 | L16: BR_13 | M16: BR13-SPDV-CHILD-INHERIT | U16: =IF(R16<>"", R16, O16)
A17: PR01D-BR14-HAPPY-015 | B17: PR01 | C17: SPDV chi tiết - Đổi trạng thái | D17: Đổi trạng thái qua cập nhật “Ngày hết hiệu lực” (Versioning C) | E17: Happy | F17: Regression | G17: P2 | H17: 1. Có SPDV chi tiết đang Đang hoạt động Maker có quyền sửa. | I17: 1) Mở chi tiết → “Sửa”; 2) Đặt Ngày hết hiệu lực = T; 3) “Xác nhận” (sinh tác vụ); 4) Checker duyệt; 5) Kiểm tra trạng thái | J17: (i) Logic: Update in‑place; hết hiệu lực → Ngưng hoạt động; có thể đổi ngược bằng hiệu lực mới. (ii) UI: Trạng thái đổi sau duyệt. (iii) OT.01: UPDATE + APPROVE. (iv) Data: Không tạo version record mới. | K17: II.5.1.1.3/BR_14 | L17: BR_14 | M17: BR14-SPDV-STATE-CHANGE | N17: Theo bối cảnh: Versioning C | U17: =IF(R17<>"", R17, O17)
A18: PR01D-BR15-HAPPY-016 | B18: PR01 | C18: SPDV chi tiết - Hiển thị | D18: Chưa duyệt không hiển thị trên lưới Danh mục SPDV | E18: Happy | F18: Smoke | G18: P1 | H18: 1. Vừa tạo SPDV chi tiết trạng thái Chờ duyệt. | I18: 1) Về lưới Danh mục SPDV; 2) Lọc theo Tên/Mã vừa tạo | J18: (i) Logic: Pending → không hiển thị. (ii) UI: Không có kết quả. (iii) OT.01: Có tác vụ chờ duyệt. (iv) Data: Trạng thái Chờ duyệt lưu DB. | K18: II.5.1.1.3/BR_15; II.5.1.1.3/BR_16 | L18: BR_15;BR_16 | M18: BR15-SPDV-NOTSHOW | U18: =IF(R18<>"", R18, O18)
A19: PR01D-BR16-HAPPY-017 | B19: PR01 | C19: SPDV chi tiết - Tác vụ | D19: Sau khi lưu → sinh tác vụ “Chờ duyệt” | E19: Happy | F19: Smoke | G19: P1 | H19: 1. Vừa lưu SPDV chi tiết. | I19: 1) Mở “Tác vụ chờ duyệt”; 2) Tìm theo Mã/Tên SPDV chi tiết | J19: (i) Logic: Tác vụ phải tồn tại. (ii) UI: Hàng tác vụ xuất hiện; có nút Duyệt/Từ chối theo vai. (iii) OT.01: Ghi nhận tạo tác vụ. (iv) Data: Audit TASK. | K19: II.5.1.1.3/BR_16 | L19: BR_16 | M19: BR16-SPDV-TASK | U19: =IF(R19<>"", R19, O19)
A20: PR01D-BR17-HAPPY-018 | B20: PR01 | C20: SPDV chi tiết - Metadata | D20: “Ngày tạo” tự sinh đúng định dạng | E20: Happy | F20: Regression | G20: P3 | H20: 1. Có SPDV chi tiết vừa tạo. | I20: 1) Mở chi tiết; 2) Quan sát ‘Ngày tạo’ | J20: (i) Logic: Hệ thống tự sinh theo chuẩn. (ii) UI: YYYY‑MM‑DD HH:MM:SS. (iii) OT.01: không áp dụng. (iv) Data: Audit time khớp. | K20: II.5.1.1.3/BR_17 | L20: BR_17 | M20: BR17-SPDV-CREATEDAT | U20: =IF(R20<>"", R20, O20)
A21: PR01D-BR18-HAPPY-019 | B21: PR01 | C21: SPDV chi tiết - Metadata | D21: “Người tạo” = username Maker | E21: Happy | F21: Regression | G21: P3 | H21: 1. Có SPDV chi tiết do Maker tạo. | I21: 1) Mở chi tiết; 2) Quan sát ‘Người tạo’ | J21: (i) Logic: Lưu đúng username. (ii) UI: Hiển thị chính xác. (iii) OT.01: không áp dụng. (iv) Data: Audit CREATE ghi user. | K21: II.5.1.1.3/BR_18 | L21: BR_18 | M21: BR18-SPDV-CREATEDBY | U21: =IF(R21<>"", R21, O21)
A22: PR01D-FLOW-OT01-HAPPY-020 | B22: PR01 | C22: SPDV chi tiết - OT.01 Phê duyệt | D22: Checker phê duyệt → bản ghi hiển thị trên lưới và khả dụng | E22: Happy | F22: Smoke | G22: P1 | H22: 1. Có 1 SPDV chi tiết ở Chờ duyệt. | I22: 1) Checker mở ‘Tác vụ chờ duyệt’; 2) Mở tác vụ → “Duyệt”; 3) Về lưới kiểm tra | J22: (i) Logic: Trạng thái chuyển ‘Đã duyệt’, bản ghi khả dụng. (ii) UI: Lưới hiển thị bản ghi. (iii) OT.01: Audit APPROVE (user, timestamp). (iv) Data: Lưu trạng thái & log. | K22: II.5.1.1.3/BR_16 | L22: BR_16 | M22: FLOW-APPROVE-SPDV | U22: =IF(R22<>"", R22, O22)
A23: PR01D-FLOW-OT01-NEG-021 | B23: PR01 | C23: SPDV chi tiết - OT.01 Từ chối | D23: Checker từ chối → không hiển thị trên lưới | E23: Negative | F23: Smoke | G23: P1 | H23: 1. Có 1 SPDV chi tiết ở Chờ duyệt. | I23: 1) Checker mở ‘Tác vụ chờ duyệt’; 2) “Từ chối”, nhập lý do; 3) Về lưới kiểm tra | J23: (i) Logic: Từ chối → không hiển thị/không áp dụng. (ii) UI: Lý do hiển thị tại lịch sử. (iii) OT.01: Audit REJECT. (iv) Data: Trạng thái ‘Từ chối’ lưu DB. | K23: II.5.1.1.3/BR_15; II.5.1.1.3/BR_16 | L23: BR_15;BR_16 | M23: FLOW-REJECT-SPDV | U23: =IF(R23<>"", R23, O23)
A24: PR01D-FLOW-EFF-HAPPY-022 | B24: PR01 | C24: SPDV chi tiết - Sửa hiệu lực (Versioning C) | D24: Sửa ngày hiệu lực hợp lệ ở mọi trạng thái → update in‑place sau duyệt | E24: Happy | F24: Regression | G24: P2 | H24: 1. Có SPDV chi tiết ‘Đã duyệt’ Maker có quyền sửa. | I24: 1) Maker mở chi tiết → “Sửa”; 2) Nhập [T1'–T2'] hợp lệ (không quá khứ/không vượt cha/không end<start); 3) “Xác nhận” (sinh tác vụ); 4) Checker duyệt; 5) Kiểm tra hiệu lực mới | J24: (i) Logic: Versioning C: cập nhật in‑place; không tạo version record mới. (ii) UI: Tác vụ hiển thị; sau duyệt, hiệu lực mới hiển thị. (iii) OT.01: UPDATE + APPROVE. (iv) Data: Record hiện hữu được cập nhật. | K24: II.5.1.1.3; (Bối cảnh dự án) | M24: FLOW-EFF-VALID-SPDV | N24: Áp dụng rule hiệu lực chung dự án | U24: =IF(R24<>"", R24, O24)
A25: PR01D-FLOW-EFF-NEG-023 | B25: PR01 | C25: SPDV chi tiết - Sửa hiệu lực (Versioning C) | D25: Sửa hiệu lực end<start/ra quá khứ/vượt cha → chặn & không tạo tác vụ | E25: Negative | F25: Regression | G25: P2 | H25: 1. Có SPDV chi tiết ở trạng thái bất kỳ Maker mở Sửa. | I25: 1) Nhập Ngày hết < Ngày hiệu lực; 2) Hoặc đặt ngày quá khứ; 3) Hoặc set hiệu lực vượt [T1–T2] của cha; 4) “Xác nhận” | J25: (i) Logic: Vi phạm logic hiệu lực → chặn. (ii) UI: Thông báo lỗi cụ thể. (iii) OT.01: Không sinh tác vụ. (iv) Data: Không thay đổi. | K25: II.5.1.1.3/BR_11; II.5.1.1.3/BR_13 | M25: FLOW-EFF-INVALID-SPDV | U25: =IF(R25<>"", R25, O25)
A26: PR01D-UI-01-OPEN-024 | B26: PR01 | C26: SPDV chi tiết - UI Thêm mới | D26: Mở form Thêm SPDV chi tiết từ cấp cha; hiển thị đủ vùng & control | E26: Happy | F26: Regression | G26: P3 | H26: 1. Có SPDV cha đã duyệt Maker đăng nhập. | I26: 1) Tại bản ghi cha → bấm “+”; 2) Quan sát các vùng thông tin & nút (Lưu/Xác nhận/Đóng) | J26: (i) Logic: không áp dụng. (ii) UI: Vùng/field/nút hiển thị đúng & enable theo ngữ cảnh. (iii) OT.01: không áp dụng. (iv) Data: Không đổi. | K26: II.5.1.1.3/Step‑1~2 | L26: UI-FUNC.01 | M26: UI-OPEN-ADD-SPDV | N26: UI-only; không lặp BR | U26: =IF(R26<>"", R26, O26)
A27: PR01D-UI-02-RO-025 | B27: PR01 | C27: SPDV chi tiết - UI Xem | D27: Xem chi tiết SPDV chi tiết ở chế độ read‑only | E27: Happy | F27: Regression | G27: P3 | H27: 1. Có dữ liệu SPDV chi tiết ở bất kỳ trạng thái. | I27: 1) Chọn bản ghi → “Xem”; 2) Quan sát trạng thái field | J27: (i) Logic: không áp dụng. (ii) UI: Chỉ xem; không cho chỉnh sửa. (iii) OT.01: không áp dụng. (iv) Data: Không đổi. | K27: II.5.1.1.3 | L27: UI-FUNC.03 | M27: UI-VIEW-RO-SPDV | U27: =IF(R27<>"", R27, O27)
A28: PR01D-UI-03-EDITNAV-026 | B28: PR01 | C28: SPDV chi tiết - UI Sửa | D28: Điều hướng Sửa → Lưu → quay lại lưới vẫn giữ giá trị đã lưu | E28: Happy | F28: Regression | G28: P3 | H28: 1. Có SPDV chi tiết Maker có quyền sửa. | I28: 1) Tại lưới chọn bản ghi → “Sửa”; 2) Thay đổi Mô tả nhỏ → “Xác nhận”; 3) Quay lại lưới → mở lại chi tiết kiểm tra | J28: (i) Logic: không áp dụng. (ii) UI: Giá trị đã lưu hiển thị đúng; điều hướng mượt. (iii) OT.01: Nếu thay đổi thuộc phạm vi duyệt → sinh tác vụ. (iv) Data: Audit UPDATE ghi trường thay đổi. | K28: II.5.1.1.3 | L28: UI-FUNC.04 | M28: UI-EDIT-NAV-SPDV | N28: Không test rule hiệu lực (đã ở Flow) | U28: =IF(R28<>"", R28, O28)
A29: PR01D-UI-04-FILTER-027 | B29: PR01 | C29: SPDV chi tiết - UI Lọc | D29: Tìm kiếm theo Tên/Mã/Trạng thái; “Xóa lọc” khôi phục lưới | E29: Happy | F29: Regression | G29: P2 | H29: 1. Có nhiều bản ghi SPDV chi tiết. | I29: 1) Lọc theo Tên; 2) Lọc theo Mã; 3) Lọc theo Trạng thái; 4) Nhấn “Xóa lọc” | J29: (i) Logic: không áp dụng. (ii) UI: Bộ lọc trả về đúng kết quả; Xóa lọc khôi phục lưới. (iii) OT.01: không áp dụng. (iv) Data: Không đổi. | K29: II.5.1.1.3 | L29: UI-FUNC.05 | M29: UI-FILTER-SPDV | U29: =IF(R29<>"", R29, O29)
A30: PR01D-UI-05-EXPORT-028 | B30: PR01 | C30: SPDV chi tiết - UI Tải xuống | D30: Export dữ liệu lưới ra .xlsx (theo lọc & toàn bộ) | E30: Happy | F30: Regression | G30: P2 | H30: 1. Có dữ liệu đang áp dụng 1 bộ lọc. | I30: 1) “Tải xuống” → chọn .xlsx; 2) Mở file kiểm tra; 3) Xóa lọc → export lại; 4) So sánh 2 file | J30: (i) Logic: không áp dụng. (ii) UI: Export hoạt động; thông báo thành công. (iii) OT.01: không áp dụng. (iv) File: Lần 1 theo bộ lọc; lần 2 toàn bộ. | K30: II.5.1.1.3 | L30: UI-FUNC.06 | M30: UI-EXPORT-SPDV | U30: =IF(R30<>"", R30, O30)
A31: PR01D-UI-06-META-029 | B31: PR01 | C31: SPDV chi tiết - UI Lưới/Meta | D31: Cột “Ngày tạo/Người tạo” hiển thị đúng định dạng/giá trị | E31: Happy | F31: Regression | G31: P3 | H31: 1. Có dữ liệu đa trạng thái. | I31: 1) Bật hiển thị cột ‘Ngày tạo/Người tạo’; 2) Quan sát định dạng & giá trị | J31: (i) Logic: không áp dụng. (ii) UI: YYYY‑MM‑DD HH:MM:SS; Người tạo đúng username. (iii) OT.01: không áp dụng. (iv) Data: Khớp DB/audit. | K31: II.5.1.1.3/BR_17; II.5.1.1.3/BR_18 | L31: UI-FUNC.05 | M31: UI-META-DISPLAY-SPDV | N31: UI kiểm hiển thị; logic auto đã có BR17/18 | U31: =IF(R31<>"", R31, O31)
A32: PR01D-NOTE-ONLY-030 | B32: PR01 | C32: Note only | D32: ĐÃ COVER “chưa duyệt không hiển thị” & “tác vụ chờ duyệt” | E32: Note only | F32: - | G32: P3 | I32: - | J32: ĐÃ COVER ở PR01D-BR15-HAPPY-016 và PR01D-BR16-HAPPY-017 (URD_Ref II.5.1.1.3/BR_15; BR_16) | K32: II.5.1.1.3/BR_15; II.5.1.1.3/BR_16 | L32: - | M32: DEDUP-NOTSHOW-TASK
A33: PR01-BR13-BOU-031 | B33: PR01 | C33: Hiệu lực Cha-Con | D33: BR_13: Hiệu lực con khớp 100% với hiệu lực cha (Biên cận trên/dưới) | E33: Boundary | F33: Regression | G33: P1 | H33: 1. SPDV Cha có hiệu lực: [2026-01-01 - 2026-12-31]. | I33: 1. Thực hiện thêm mới SPDV con. 2. Nhập Ngày hiệu lực = 2026-01- 01. 3. Nhập Ngày hết hiệu lực = 2026-12- 31. 4. Nhấn Xác nhận. | J33: (i) Logic: Hệ thống chấp nhận vì nằm trong khoảng [T1-T2] của cha (bao gồm cả biên). (ii) UI: Không báo lỗi vượt kỳ cha. (iii) Trạng thái: Chờ duyệt. (iv) Khác: N/A | K33: BR Code: BR_13 | L33: BR_13 | M33: BR13-BOU-MATCH | N33: Bổ sung GAPs review. | U33: =IF(R32<>"", R32, O32)
A34: PR01-BR04-HAP-032 | B34: PR01 | C34: Mã tự sinh | D34: BR_04: Verify Mã SPDV con hiển thị đúng format [Mã cha][01-99] | E34: HappyPath | F34: Smoke | G34: P1 | H34: 1. Mã SPDV cha = 06. | I34: 1. Tại lưới danh sách, nhấn '+' tại dòng mã 06. 2. Quan sát trường 'Mã SPDV chi tiết' trên Form. | J34: (i) Logic: Mã tự sinh đúng nguyên tắc ghép chuỗi. (ii) UI: Mã hiển thị là 0601 (nếu là con đầu tiên) hoặc 06xx. (iii) Trạng thái: N/A. (iv) Khác: N/A | K34: BR Code: BR_04 | L34: BR_04 | M34: BR04-CODE-FORMAT | N34: Bổ sung GAPs review. | U34: =IF(R33<>"", R33, O33)
A35: PR01-BR06-HAP-033 | B35: PR01 | C35: Thông tin SPDV cha | D35: BR_06: Verify Label Cấp cha hiển thị 'Mã - Tên' của cấp cha | E35: HappyPath | F35: Regression | G35: P3 | H35: 1. SPDV Cha: 06 - Nghiệp vụ Tài khoản. | I35: 1. Nhấn '+' tại cấp cha 06. 2. Quan sát giá trị trường 'Cấp SPDV liền trước'. | J35: (i) Logic: Dữ liệu nguồn lấy đúng từ bản ghi được chọn. (ii) UI: Hiển thị đúng text: '06 - Nghiệp vụ Tài khoản'. (iii) Trạng thái: Read-only. (iv) Khác: N/A | K35: BR Code: BR_06 | L35: BR_06 | M35: BR06-PARENT-LABEL | N35: Bổ sung GAPs review. | U35: =IF(R34<>"", R34, O34)
A36: PR01-BR10-HAP-035 | B36: PR01 | C36: Ràng buộc cấp cuối | D36: BR_10/BR_09: Verify không xuất hiện nút '+' và hiển thị nhãn Cấp cuối | E36: Logic | F36: Regression | G36: P2 | H36: 1. Đang xem/sửa bản ghi tại cấp SPDV tối đa (n). | I36: 1. Mở xem bản ghi cấp n. 2. Quan sát các nút chức năng. 3. Kiểm tra thông báo tình trạng cấp. | J36: (i) Logic: Cấp tối đa không được phép có con. (ii) UI: Không có nút '+' trên lưới; Form hiển thị nhãn: 'Đây là cấp cuối cùng trong cây sơ đồ SPDV'. (iii) Trạng thái: N/A. (iv) Khác: N/A | K36: BR Code: BR_09, BR_10 | L36: BR_10 | M36: BR10-LAST-LEVEL | N36: Bổ sung GAPs review. | U36: =IF(R35<>"", R35, O35)

Sheet II.5.1.1.4
A1: TEST CASES — II.5.1.1.4. Thêm mới code phí dành cho KHCN
A2: TC_ID | B2: Module | C2: Feature | D2: Title | E2: Type | F2: Category | G2: Priority | H2: Precondition | I2: Steps | J2: Expected | K2: URD_Ref | L2: BR_Ref | M2: Trace_ID | N2: Note | O2: Status R1 | P2: Tester R1 | Q2: Date R1 | R2: Status R2 | S2: Tester R2 | T2: Date R2 | U2: Final Status
A3: 5.1.1.4-BR01-HAPPY-001 | B3: 5.1.1.4 – II.5.1.1.4. Thêm mới code phí dành cho KHCN | C3: II.5.1.1.4 – Thêm mới code phí dành cho KHCN/CBNV | D3: Xác nhận khi đã nhập đủ trường bắt buộc | E3: Happy | F3: Smoke | G3: P1 | H3: 1. Vai trò: Maker Tồn tại SPDV cấp cuối (đã duyệt) Có >=1 công thức tính phí (đã duyệt) Ngày T. | I3: 1. Vào SPDV cấp cuối -> Click 'Thêm code phí'. 2. Nhập đầy đủ các trường có dấu (*). 3. Lựa chọn Công thức tính phí & nhập mức phí demo. 4. Click nút 'Xác nhận' tại Footer. | J3: (i) Hệ thống cho phép gửi yêu cầu Thêm mới. (ii) Hiển thị thông báo Toast thành công. (iii) Bản ghi mới được sinh ra ở trạng thái 'Chờ duyệt'. (iv) Ghi nhận log Audit đầy đủ. | K3: II.5.1.1.4 | L3: BR_01, BR_14 | M3: BR01-MANDATORY-PASS | U3: =IF(R3<>"", R3, O3)
A4: 5.1.1.4-BR01-NEG-002 | B4: 5.1.1.4 – II.5.1.1.4. Thêm mới code phí dành cho KHCN | C4: II.5.1.1.4 – Thêm mới code phí dành cho KHCN/CBNV | D4: Thiếu trường bắt buộc thì không cho xác nhận | E4: Negative | F4: Regression | G4: P1 | H4: 1. Vai trò: Maker. | I4: 1. Mở form 'Thêm code phí'. 2. Bỏ trống ít nhất một trường bắt buộc (*). 3. Click 'Xác nhận'. | J4: (i) Hệ thống từ chối lưu dữ liệu. (ii) Hiển thị cảnh báo Error chi tiết tại các trường còn thiếu. (iii) Không sinh bản ghi mới trong Dashboard 'Tác vụ chờ duyệt'. | K4: II.5.1.1.4 | L4: BR_01 | M4: BR01-MANDATORY-BLOCK | U4: =IF(R4<>"", R4, O4)
A5: 5.1.1.4-BR02-NEG-001 | B5: 5.1.1.4 – II.5.1.1.4. Thêm mới code phí dành cho KHCN | C5: II.5.1.1.4 – Thêm mới code phí dành cho KHCN/CBNV | D5: Bấm 'Đóng' thì không lưu dữ liệu vừa nhập | E5: Negative | F5: Regression | G5: P2 | H5: 1. Đang ở form 'Thêm code phí' và đã nhập dữ liệu. | I5: 1. Tại form 'Thêm code phí', nhập dữ liệu vào vài trường bất kỳ. 2. Click nút 'Đóng'. 3. Click 'Xác nhận' đóng (nếu có confirm). 4. Mở lại đúng form đó từ cùng SPDV. | J5: (i) Hệ thống điều hướng về màn hình chi tiết SP trước đó. (ii) Khi mở lại: Toàn bộ dữ liệu vừa nhập bị mất, form quay về trạng thái mặc định. (iii) Không sinh tác vụ chờ duyệt. | K5: II.5.1.1.4 | L5: BR_02 | M5: BR02-CLOSE-NOSAVE | U5: =IF(R5<>"", R5, O5)
A6: 5.1.1.4-BR03-HAPPY-001 | B6: 5.1.1.4 – II.5.1.1.4. Thêm mới code phí dành cho KHCN | C6: II.5.1.1.4 – Thêm mới code phí dành cho KHCN/CBNV | D6: Loại tính phí: chỉ 1 chọn và hiển thị đúng phân vùng | E6: Happy | F6: Regression | G6: P1 | H6: 1. Tại form thêm mới. | I6: 1. Quan sát 'Loại tính phí'. 2a. Chọn 'Theo giao dịch'. 2b. Chuyển 'Định kỳ'. | J6: (i) Single-select. (ii) Theo giao dịch: hiện vùng KH & Giao dịch. (iii) Định kỳ: hiện KH, Tài khoản & Thẻ. (iv) Ẩn vùng không liên quan | K6: II.5.1.1.4 | L6: BR_03 | M6: BR03-FEETYPE-TOGGLE | U6: =IF(R6<>"", R6, O6)
A7: 5.1.1.4-BR04-HAPPY-001 | B7: 5.1.1.4 – II.5.1.1.4. Thêm mới code phí dành cho KHCN | C7: II.5.1.1.4 – Thêm mới code phí dành cho KHCN/CBNV | D7: Dropdown công thức chỉ hiển thị bản đã phê duyệt | E7: Happy | F7: Regression | G7: P1 | H7: 1. Có 1 công thức 'Đã duyệt' và 1 công thức 'Nháp/Chờ duyệt'. | I7: 1. Mở dropdown 'Công thức tính phí'. | J7: (i) Chỉ thấy bản 'Đã duyệt'; (ii) Không thấy trạng thái khác; (iii) Chỉ chọn được 1 | K7: II.5.1.1.4 | L7: BR_04, BR_05 | M7: BR04-FORMULA-FILTER | U7: =IF(R7<>"", R7, O7)
A8: 5.1.1.4-BR05-NEG-002 | B8: 5.1.1.4 – II.5.1.1.4. Thêm mới code phí dành cho KHCN | C8: II.5.1.1.4 – Thêm mới code phí dành cho KHCN/CBNV | D8: Chặn áp dụng >1 công thức cho 1 Code phí | E8: Negative | F8: Regression | G8: P2 | H8: 1. >=2 công thức đã duyệt. | I8: 1. Chọn công thức A. 2. Thử chọn thêm công thức B đồng thời. | J8: (i) Single-select chặn multi-select; (ii) Không lưu nếu >1; (iii) Có cảnh báo | K8: II.5.1.1.4 | L8: BR_05 | M8: BR05-ONE-FORMULA | U8: =IF(R8<>"", R8, O8)
A9: 5.1.1.4-BR06-HAPPY-001 | B9: 5.1.1.4 – II.5.1.1.4. Thêm mới code phí dành cho KHCN | C9: II.5.1.1.4 – Thêm mới code phí dành cho KHCN/CBNV | D9: KHCN: hiển thị đầy đủ danh sách segment | E9: Happy | F9: Smoke | G9: P1 | H9: 1. Loại khách hàng = KHCN. | I9: 1. Quan sát phân vùng Quy tắc tính phí. | J9: (i) Đủ segment theo URD; (ii) Cho phép khai báo mức phí theo segment | K9: II.5.1.1.4 | L9: BR_06 | M9: BR06-SEGMENT-KHCN | U9: =IF(R9<>"", R9, O9)
A10: 5.1.1.4-BR06-HAPPY-002 | B10: 5.1.1.4 – II.5.1.1.4. Thêm mới code phí dành cho KHCN | C10: II.5.1.1.4 – Thêm mới code phí dành cho KHCN/CBNV | D10: CBNV: không hiển thị segment, phí áp dụng chung | E10: Happy | F10: Regression | G10: P2 | H10: 1. Loại khách hàng = CBNV. | I10: 1. Quan sát phân vùng Quy tắc tính phí. | J10: (i) Không có danh sách segment; (ii) Mức phí áp dụng chung | K10: II.5.1.1.4 | L10: BR_06 | M10: BR06-SEGMENT-CBNV | U10: =IF(R10<>"", R10, O10)
A11: 5.1.1.4-BR07-NEG-001 | B11: 5.1.1.4 – II.5.1.1.4. Thêm mới code phí dành cho KHCN | C11: II.5.1.1.4 – Thêm mới code phí dành cho KHCN/CBNV | D11: Từ chối khi Mã code phí bị trùng | E11: Negative | F11: Smoke | G11: P1 | H11: 1. Đã tồn tại mã 'XXXX_YYYY_001'. | I11: 1. Tạo mới dẫn tới sinh mã trùng. 2. Bấm 'Xác nhận'. | J11: (i) Phát hiện trùng; từ chối; (ii) Thông báo rõ ràng; (iii) Không tạo tác vụ | K11: II.5.1.1.4 | L11: BR_07 | M11: BR07-UNIQUE-COLLISION | U11: =IF(R11<>"", R11, O11)
A12: 5.1.1.4-BR08-HAPPY-001 | B12: 5.1.1.4 – II.5.1.1.4. Thêm mới code phí dành cho KHCN | C12: II.5.1.1.4 – Thêm mới code phí dành cho KHCN/CBNV | D12: Sinh mã đúng độ dài/loại ký tự/cấu trúc | E12: Happy | F12: Smoke | G12: P1 | H12: 1. Có SPDV cấp 2 & cấp cuối hợp lệ. | I12: 1. Tạo mới Code phí. 2. Ghi nhận mã sinh ra. | J12: (i) Chữ+số, không space. (ii) Cấu trúc [Phân khúc]_[Nhóm]_[Thứ tự]. (iii) Tổng độ dài theo quy tắc (URD ghi 11). (iv) Thành phần tuân BR_09 [v0.9] Mã code phí là mã HỆ THỐNG TỰ SINH, người dùng không được nhập thủ công. | K12: II.5.1.1.4 | L12: BR_08, BR_09, BR_10 | M12: BR08-CODE-FORMAT | N12: [v0.9-UPD] BR_08: mã tự sinh | U12: =IF(R12<>"", R12, O12)
A13: 5.1.1.4-BR09-HAPPY-002 | B13: 5.1.1.4 – II.5.1.1.4. Thêm mới code phí dành cho KHCN | C13: II.5.1.1.4 – Thêm mới code phí dành cho KHCN/CBNV | D13: Sinh đúng 3 thành phần & tự tăng Thứ tự | E13: Happy | F13: Regression | G13: P1 | H13: 1. Cùng phân khúc & Nhóm SPDV đã có mã _008. | I13: 1. Tạo mới cùng phân loại. 2. Quan sát 'Thứ tự'. | J13: (i) Phân khúc = 4 ký tự in hoa theo Loại KH; (ii) Nhóm SPDV = 4 ký tự in hoa (4 chữ cái đầu tên SPDV cấp 2); (iii) Thứ tự tự tăng 009 (001..999) | K13: II.5.1.1.4 | L13: BR_09 | M13: BR09-AUTOINC | U13: =IF(R13<>"", R13, O13)
A14: 5.1.1.4-BR09-NEG-003 | B14: 5.1.1.4 – II.5.1.1.4. Thêm mới code phí dành cho KHCN | C14: II.5.1.1.4 – Thêm mới code phí dành cho KHCN/CBNV | D14: Chặn khi Thứ tự vượt quá 999 | E14: Negative | F14: Regression | G14: P2 | H14: 1. Đã có 999 mã (001 cùng phân loại. | I14: 1. Tạo mã thứ 1000. 2. 'Xác nhận'. | J14: (i) Từ chối; (ii) Thông báo đạt giới hạn 999 | K14: II.5.1.1.4 | L14: BR_09 | M14: BR09-ORDER-LIMIT | U14: =IF(R14<>"", R14, O14)
A15: 5.1.1.4-BR10-HAPPY-001 | B15: 5.1.1.4 – II.5.1.1.4. Thêm mới code phí dành cho KHCN | C15: II.5.1.1.4 – Thêm mới code phí dành cho KHCN/CBNV | D15: Trường 'Mã code phí' readonly | E15: Happy | F15: Smoke | G15: P2 | H15: 1. Đã sinh mã trong form. | I15: 1. Cố sửa giá trị trường 'Mã code phí'. | J15: (i) Readonly/disabled; không thể thay đổi | K15: II.5.1.1.4 | L15: BR_10 | M15: BR10-READONLY | U15: =IF(R15<>"", R15, O15)
A16: 5.1.1.4-BR11-HAPPY-001 | B16: 5.1.1.4 – II.5.1.1.4. Thêm mới code phí dành cho KHCN | C16: II.5.1.1.4 – Thêm mới code phí dành cho KHCN/CBNV | D16: Chưa duyệt: không hiển thị trên cây SPDV | E16: Happy | F16: Regression | G16: P1 | H16: 1. Đã tạo code phí trạng thái 'Chờ duyệt'. | I16: 1. Mở cây SPDV. 2. Tìm bản ghi vừa tạo. | J16: (i) Không thấy trên cây; (ii) Chỉ thấy ở 'Tác vụ chờ duyệt' | K16: II.5.1.1.4 | L16: BR_11, BR_14 | M16: BR11-HIDE-TREE | U16: =IF(R16<>"", R16, O16)
A17: 5.1.1.4-BR12-CALC-001 | B17: 5.1.1.4 – II.5.1.1.4. Thêm mới code phí dành cho KHCN | C17: II.5.1.1.4 – Thêm mới code phí dành cho KHCN/CBNV | D17: So sánh phí với min/max sau quy đổi loại tiền | E17: Calculation | F17: Regression | G17: P2 | H17: 1. Loại tiền Code phí = A ngưỡng min/max khai báo loại tiền B có tỷ giá tại thời điểm T. | I17: 1. Lưu code phí với min/max ở B. 2. Tính thử mức phí tại T. 3. Ghi nhận tỷ giá hệ thống. | J17: (i) Min/max được quy đổi về A theo tỷ giá tại T; (ii) So sánh dựa trên min/max đã quy đổi; (iii) Log thể hiện tỷ giá dùng | K17: II.5.1.1.4 | L17: BR_12 | M17: BR12-FX-CONVERT | N17: Theo bối cảnh: Versioning C | U17: =IF(R17<>"", R17, O17)
A18: 5.1.1.4-BR13-CALC-001 | B18: 5.1.1.4 – II.5.1.1.4. Thêm mới code phí dành cho KHCN | C18: II.5.1.1.4 – Thêm mới code phí dành cho KHCN/CBNV | D18: VAT: đã bao gồm (Included) | E18: Calculation | F18: Smoke | G18: P1 | H18: 1. Mức phí khai báo = F %VAT = V. | I18: 1. Tích 'Đã bao gồm VAT'. 2. Tính thử phí. | J18: (i) Phí thu KH = F; (ii) Log thể hiện 'Included VAT' | K18: II.5.1.1.4 | L18: BR_13 | M18: BR13-VAT-INCLUDED | U18: =IF(R18<>"", R18, O18)
A19: 5.1.1.4-BR13-CALC-002 | B19: 5.1.1.4 – II.5.1.1.4. Thêm mới code phí dành cho KHCN | C19: II.5.1.1.4 – Thêm mới code phí dành cho KHCN/CBNV | D19: VAT: chưa bao gồm (Excluded) | E19: Calculation | F19: Regression | G19: P1 | H19: 1. Mức phí khai báo = F %VAT = V. | I19: 1. Bỏ tích 'Đã bao gồm VAT'. 2. Tính thử phí. | J19: (i) Phí thu KH = F + V%*F; (ii) Log thể hiện 'Excluded VAT' | K19: II.5.1.1.4 | L19: BR_13 | M19: BR13-VAT-EXCLUDED | U19: =IF(R19<>"", R19, O19)
A20: 5.1.1.4-BR14-HAPPY-001 | B20: 5.1.1.4 – II.5.1.1.4. Thêm mới code phí dành cho KHCN | C20: II.5.1.1.4 – Thêm mới code phí dành cho KHCN/CBNV | D20: Sau lưu: trạng thái 'Chờ duyệt' & có trong 'Tác vụ chờ duyệt' | E20: Happy | F20: Smoke | G20: P1 | H20: 1. Đã lưu thành công code phí. | I20: 1. Mở 'Tác vụ chờ duyệt'. 2. Tìm theo mã vừa tạo. | J20: (i) Có bản ghi; (ii) Trạng thái = 'Chờ duyệt'; (iii) Hiển thị Mã, Ngày tạo, Người tạo | K20: II.5.1.1.4 | L20: BR_14, BR_15, BR_16 | M20: BR14-PENDING-TASK | U20: =IF(R20<>"", R20, O20)
A21: 5.1.1.4-BR15-BOUND-001 | B21: 5.1.1.4 – II.5.1.1.4. Thêm mới code phí dành cho KHCN | C21: II.5.1.1.4 – Thêm mới code phí dành cho KHCN/CBNV | D21: Ngày tạo tự sinh & đúng định dạng | E21: Boundary | F21: Regression | G21: P2 | H21: 1. Có bản ghi 'Chờ duyệt'. | I21: 1. Mở chi tiết. 2. Ghi nhận 'Ngày tạo'. | J21: (i) Định dạng YYYY-MM-DD HH:MM:SS; (ii) Trong ±60s thời điểm lưu | K21: II.5.1.1.4 | L21: BR_15 | M21: BR15-CREATED-AT | U21: =IF(R21<>"", R21, O21)
A22: 5.1.1.4-BR16-HAPPY-001 | B22: 5.1.1.4 – II.5.1.1.4. Thêm mới code phí dành cho KHCN | C22: II.5.1.1.4 – Thêm mới code phí dành cho KHCN/CBNV | D22: Người tạo = username Maker | E22: Happy | F22: Regression | G22: P3 | H22: 1. Maker đăng nhập = U1 bản ghi do U1 tạo. | I22: 1. Mở chi tiết bản ghi. 2. Quan sát 'Người tạo'. | J22: (i) Username = U1; (ii) Read-only | K22: II.5.1.1.4 | L22: BR_16 | M22: BR16-CREATOR | U22: =IF(R22<>"", R22, O22)
A23: 5.1.1.4-BR17-BOUND-001 | B23: 5.1.1.4 – II.5.1.1.4. Thêm mới code phí dành cho KHCN | C23: II.5.1.1.4 – Thêm mới code phí dành cho KHCN/CBNV | D23: Chấp nhận mức phí = 0 (miễn phí) | E23: Boundary | F23: Regression | G23: P2 | H23: 1. Công thức cho phép mức cố định. | I23: 1. Nhập mức phí = 0. 2. Lưu. 3. Tính phí giao dịch mẫu. | J23: (i) Lưu thành công; (ii) Phí thu KH = 0; (iii) Log 'Miễn phí' | K23: II.5.1.1.4 | L23: BR_17 | M23: BR17-AMOUNT-ZERO | U23: =IF(R23<>"", R23, O23)
A24: 5.1.1.4-BR17-NEG-002 | B24: 5.1.1.4 – II.5.1.1.4. Thêm mới code phí dành cho KHCN | C24: II.5.1.1.4 – Thêm mới code phí dành cho KHCN/CBNV | D24: Không cho phép mức phí âm | E24: Negative | F24: Smoke | G24: P1 | I24: 1. Nhập mức phí âm. 2. Bấm 'Xác nhận'. | J24: (i) Chặn lưu; (ii) Thông báo 'Số tiền phí phải >= 0' | K24: II.5.1.1.4 | L24: BR_17 | M24: BR17-AMOUNT-NEG | N24: Áp dụng rule hiệu lực chung dự án | U24: =IF(R24<>"", R24, O24)
A25: 5.1.1.4-UI-01-OPEN-001 | B25: 5.1.1.4 – II.5.1.1.4. Thêm mới code phí dành cho KHCN | C25: II.5.1.1.4 – Thêm mới code phí dành cho KHCN/CBNV | D25: Mở form 'Thêm code phí' từ SPDV cấp cuối | E25: Happy | F25: Smoke | G25: P1 | H25: 1. Maker có SPDV cấp cuối đã duyệt. | I25: 1. Vào chi tiết SPDV cấp cuối. 2. Bấm 'Thêm code phí'. | J25: (i) Điều hướng tới form; (ii) Render các phân vùng: Thông tin chung/Điều kiện/Quy tắc; (iii) Tiêu đề đúng | K25: II.5.1.1.4 | L25: UI-FUNC.01 | M25: UI-OPEN-FORM | U25: =IF(R25<>"", R25, O25)
A26: 5.1.1.4-UI-02-ACTIONS-001 | B26: 5.1.1.4 – II.5.1.1.4. Thêm mới code phí dành cho KHCN | C26: II.5.1.1.4 – Thêm mới code phí dành cho KHCN/CBNV | D26: Footer hiển thị đủ nút 'Xác nhận' & 'Đóng' | E26: Happy | F26: Regression | G26: P2 | H26: 1. Đang ở form. | I26: 1. Quan sát footer. 2. Di chuột qua các nút. 3. Thay đổi kích thước cửa sổ (nếu có). | J26: (i) Có đủ nút; (ii) Footer sticky; (iii) Tooltip/label đúng tiếng Việt | K26: II.5.1.1.4 | L26: UI-FUNC.02 | M26: UI-ACTIONS-PRESENCE | N26: UI-only; không lặp BR | U26: =IF(R26<>"", R26, O26)
A27: 5.1.1.4-UI-03-CLOSE-001 | B27: 5.1.1.4 – II.5.1.1.4. Thêm mới code phí dành cho KHCN | C27: II.5.1.1.4 – Thêm mới code phí dành cho KHCN/CBNV | D27: Nút 'Đóng' điều hướng về màn trước | E27: Happy | F27: Regression | G27: P3 | H27: 1. Đang ở form. | I27: 1. Bấm 'Đóng'. | J27: (i) Quay lại màn chi tiết SPDV; (ii) Breadcrumb đúng; (iii) Không lỗi UI | K27: II.5.1.1.4 | L27: UI-FUNC.03 | M27: UI-CLOSE-NAV | U27: =IF(R27<>"", R27, O27)
A28: 5.1.1.4-UI-04-TOAST-001 | B28: 5.1.1.4 – II.5.1.1.4. Thêm mới code phí dành cho KHCN | C28: II.5.1.1.4 – Thêm mới code phí dành cho KHCN/CBNV | D28: Toast sau khi tạo yêu cầu – kiểm nội dung hiển thị | E28: Happy | F28: Regression | G28: P2 | H28: 1. Có ca lưu thành công (tái sử dụng từ BR01-HAPPY-001). | I28: 1. Sau lưu, quan sát toast. 2. Chụp nội dung. 3. Đóng toast. | J28: (i) Hiển thị mã code phí/tên SPDV & 'Chờ duyệt'; (ii) Có nút đóng & tự ẩn; (iii) Không tràn chữ | K28: II.5.1.1.4 | L28: UI-FUNC.04 | M28: UI-TOAST-CONTENT | N28: Không test rule hiệu lực (đã ở Flow) | U28: =IF(R28<>"", R28, O28)
A29: 5.1.1.4-UI-05-TASKLIST-001 | B29: 5.1.1.4 – II.5.1.1.4. Thêm mới code phí dành cho KHCN | C29: II.5.1.1.4 – Thêm mới code phí dành cho KHCN/CBNV | D29: Mở 'Tác vụ chờ duyệt' – kiểm tiêu đề & cột lưới | E29: Happy | F29: Regression | G29: P3 | H29: 1. Maker/Checker. | I29: 1. Mở chức năng 'Tác vụ chờ duyệt'. 2. Quan sát bảng. | J29: (i) Có các cột: Mã code phí, Ngày tạo, Người tạo, Trạng thái; (ii) Tiêu đề/description đúng | K29: II.5.1.1.4 | L29: UI-FUNC.05 | M29: UI-TASKLIST-COLUMNS | U29: =IF(R29<>"", R29, O29)
A30: 5.1.1.4-FLOW-E2E-001 | B30: 5.1.1.4 – II.5.1.1.4. Thêm mới code phí dành cho KHCN | C30: II.5.1.1.4 – Thêm mới code phí dành cho KHCN/CBNV | D30: E2E: Thêm mới code phí KHCN – 'Theo giao dịch' – thành công | E30: Integration | F30: Smoke | G30: P1 | H30: 1. Maker SPDV cấp cuối đã duyệt có công thức đã duyệt. | I30: 1. Mở SPDV > 'Thêm code phí'. 2. Loại KH = KHCN; 'Loại tính phí' = Theo giao dịch; khai báo điều kiện. 3. Chọn công thức hợp lệ; nhập mức phí cho 1–2 segment. 4. 'Xác nhận'. 5. Mở 'Tác vụ chờ duyệt'. | J30: (i) Lưu thành công, sinh mã đúng format; (ii) Trạng thái = 'Chờ duyệt'; (iii) Có tác vụ | K30: II.5.1.1.4 | L30: FLOW | M30: FLOW-KHCN-E2E | U30: =IF(R30<>"", R30, O30)
A31: 5.1.1.4-FLOW-NEG-002 | B31: 5.1.1.4 – II.5.1.1.4. Thêm mới code phí dành cho KHCN | C31: II.5.1.1.4 – Thêm mới code phí dành cho KHCN/CBNV | D31: E2E Negative: Non‑Maker không được phép thêm mới | E31: Negative | F31: Smoke | G31: P1 | H31: 1. Đăng nhập Non-Maker (Viewer/Checker). | I31: 1. Mở chi tiết SPDV cấp cuối. 2. Kiểm tra nút 'Thêm code phí'. 3. Nếu cố mở form qua URL trực tiếp, quan sát phản hồi. | J31: (i) Nút ẩn/disabled; (ii) Truy cập trực tiếp bị chặn; (iii) Không tạo dữ liệu | K31: II.5.1.1.4 | L31: FLOW | M31: FLOW-NOROLE-BLOCK | N31: UI kiểm hiển thị; logic auto đã có BR17/18 | U31: =IF(R31<>"", R31, O31)
A32: 5.1.1.4-FLOW-NEG-003 | B32: 5.1.1.4 – II.5.1.1.4. Thêm mới code phí dành cho KHCN | C32: II.5.1.1.4 – Thêm mới code phí dành cho KHCN/CBNV | D32: E2E Negative: Không có SPDV cấp cuối đã duyệt thì không thể khởi tạo | E32: Negative | F32: Regression | G32: P2 | H32: 1. Hệ thống không có SPDV cấp cuối ở trạng thái đã duyệt. | I32: 1. Vào cây Danh mục SPDV. 2. Tìm SPDV cấp cuối phù hợp. 3. Quan sát điểm vào thêm mới. | J32: (i) Không có điểm vào thêm mới; (ii) Không thể tạo code phí | K32: II.5.1.1.4 | L32: FLOW | M32: FLOW-NOSPDV | U32: =IF(R32<>"", R32, O32)
A33: 5.1.1.4-BR06-HAPPY-003 | B33: 5.1.1.4 – II.5.1.1.4. Thêm mới code phí dành cho KHCN | C33: II.5.1.1.4 – Thêm mới code phí dành cho KHCN/CBNV | D33: Kiểm tra hiển thị chi tiết 9 segment cho KHCN | E33: Happy | F33: Regression | G33: P1 | H33: 1. Loại khách hàng = KHCN. | I33: 1. Vào cây Danh mục SPDV -> Click chi tiết 1 SPDV cấp cuối. 2. Click nút 'Thêm code phí' ở góc trên bên phải. 3. Tại trường 'Loại khách hàng', chọn 'KHCN'. 4. Cuộn xuống phân vùng 'Quy tắc tính phí' và quan sát danh sách các Segment. | J33: (i) Hệ thống tự động hiển thị đầy đủ danh sách 09 Phân khúc (Segment) bao gồm: KH thông thường, NHUT PVIP, NHUT-PV1, NHUT-PV2, NHUT-PV3, NSNN-Diamond, NSNN-Platinum, NSNN-Gold, NSNN-Trải nghiệm. (ii) Các Segment được sắp xếp đúng thứ tự theo tài liệu thiết kế. (iii) Cho phép người dùng nhập mức phí riêng biệt cho từng Segment. | K33: II.5.1.1.4 | L33: BR_06 | M33: BR06-SEGMENT-DETAIL | N33: Added after QA Review | U33: =IF(R33<>"", R33, O33)
A34: 5.1.1.4-BR09-NEG-004 | B34: 5.1.1.4 – II.5.1.1.4. Thêm mới code phí dành cho KHCN | C34: II.5.1.1.4 – Thêm mới code phí dành cho KHCN/CBNV | D34: Tên SPDV cấp 2 ngắn (<4 ký tự) - Kiểm tra sinh mã | E34: Negative | F34: Regression | G34: P2 | H34: 1. Tên SPDV cấp 2 = 'ABC'. | I34: 1. Chọn SPDV cấp cuối thuộc SPDV cấp 2 có tên ngắn (Ví dụ tên SP2: 'ATM'). 2. Click 'Thêm code phí'. 3. Quan sát trường 'Mã code phí' được hệ thống tự động sinh ra. | J34: (i) Hệ thống vẫn cho phép mở form và sinh mã bình thường. (ii) Thành phần [Nhóm SPDV] trong mã (4 ký tự) thực hiện padding thêm ký tự '_' hoặc lấy đúng text có sẵn (Ví dụ: KHCN_ATM__001). (iii) Không xảy ra lỗi Error UI hoặc treo tiến trình hệ thống. | K34: II.5.1.1.4 | L34: BR_09 | M34: BR09-SHORT-NAME | N34: Added after QA Review | U34: =IF(R34<>"", R34, O34)
A35: 5.1.1.4-BR09-NEG-005 | B35: 5.1.1.4 – II.5.1.1.4. Thêm mới code phí dành cho KHCN | C35: II.5.1.1.4 – Thêm mới code phí dành cho KHCN/CBNV | D35: Sản phẩm cấp 2 có ký tự đặc biệt - Kiểm tra chuẩn hóa mã | E35: Negative | F35: Regression | G35: P2 | H35: 1. Tên SPDV cấp 2 = 'SP & DV'. | I35: 1. Chọn SPDV cấp cuối thuộc SPDV cấp 2 có tên chứa ký tự đặc biệt (Ví dụ: 'MB & IB'). 2. Click 'Thêm code phí'. 3. Kiểm tra chuỗi ký tự tại trường 'Mã code phí'. | J35: (i) Mã code phí sinh ra tại thành phần [Nhóm SPDV] chỉ bao gồm Chữ cái và Số viết hoa (Ví dụ: 'MBIB'). (ii) Các ký tự đặc biệt như '&', '-', '/', '.' và khoảng trắng đều phải được hệ thống loại bỏ hoàn toàn. (iii) Mã code phí vẫn đảm bảo đúng độ dài 11 ký tự. | K35: II.5.1.1.4 | L35: BR_09 | M35: BR09-SPECIAL-CHAR | N35: Added after QA Review | U35: =IF(R35<>"", R35, O35)
A36: 5.1.1.4-BR03-NEG-002 | B36: 5.1.1.4 – II.5.1.1.4. Thêm mới code phí dành cho KHCN | C36: II.5.1.1.4 – Thêm mới code phí dành cho KHCN/CBNV | D36: Chuyển đổi Loại tính phí - Kiểm tra xóa trắng dữ liệu cũ | E36: Negative | F36: Regression | G36: P2 | H36: 1. Đang nhập dữ liệu cho 'Theo giao dịch'. | I36: 1. Tại form 'Thêm code phí', chọn 'Loại tính phí' = 'Theo giao dịch'. 2. Nhập dữ liệu mẫu vào vùng 'Điều kiện tính phí' (Ví dụ: Số tiền giao dịch từ 1tr). 3. Thay đổi 'Loại tính phí' thành 'Định kỳ'. 4. Thay đổi ngược lại 'Loại tính phí' về 'Theo giao dịch'. 5. Kiểm tra trạng thái dữ liệu tại các trường đã nhập ở bước 2. | J36: (i) Tại bước 3: Phân vùng cũ bị ẩn và toàn bộ dữ liệu đã nhập cho 'Theo giao dịch' phải được hệ thống xóa trắng (Clear) hoàn toàn. (ii) Tại bước 5: Các ô nhập liệu phải trở về trạng thái trống (mặc định). (iii) Đảm bảo không lưu dữ liệu thừa (trash data) của loại cũ vào DB khi bấm 'Xác nhận'. | K36: II.5.1.1.4 | L36: BR_03 | M36: BR03-DATA-CLEANUP | N36: Added after QA Review | U36: =IF(R36<>"", R36, O36)
A37: 5.1.1.4-BR04-NEG-002 | B37: 5.1.1.4 – II.5.1.1.4. Thêm mới code phí dành cho KHCN | C37: II.5.1.1.4 – Thêm mới code phí dành cho KHCN/CBNV | D37: Không có công thức phê duyệt - Kiểm tra Dropdown | E37: Negative | F37: Smoke | G37: P1 | H37: 1. SPDV chưa có công thức nào ở trạng thái 'Đã duyệt'. | I37: 1. Đảm bảo SPDV hiện tại chưa có 'Công thức tính phí' nào ở trạng thái 'Đã duyệt'. 2. Mở form 'Thêm code phí'. 3. Click mở dropdown tại trường 'Công thức tính phí'. | J37: (i) Dropdown không hiển thị bản ghi nào. (ii) Hệ thống hiển thị thông báo dưới ô dropdown hoặc tooltip: 'Không có công thức nào khả dụng cho SPDV này'. (iii) Nút 'Xác nhận' bị chặn (Disabled) hoặc báo lỗi nếu cố tình lưu khi chưa chọn công thức. | K37: II.5.1.1.4 | L37: BR_04 | M37: BR04-EMPTY-LIST | N37: Added after QA Review | U37: =IF(R37<>"", R37, O37)
A38: 5.1.1.4-SEC-01-CODE-LEN | B38: 5.1.1.4 – II.5.1.1.4. Thêm mới code phí dành cho KHCN | C38: II.5.1.1.4 – Thêm mới code phí dành cho KHCN/CBNV | D38: Mức API: Chặn lưu mã sai độ dài/format | E38: Negative | F38: Security | G38: P2 | H38: 1. Dùng Postman/Console gửi request tạo code phí. | I38: 1. Sử dụng công cụ Postman/Curl để bắt Request tạo mới. 2. Chỉnh sửa tham số `feeCode` trong JSON body thành 12 ký tự (Ví dụ: 'KHCN_ATMM_001_'). 3. Thực hiện gửi Request lên Backend. 4. Kiểm tra phản hồi và database. | J38: (i) Server trả về mã lỗi 400 Bad Request kèm nội dung mô tả lỗi format. (ii) Hệ thống không cho phép insert bản ghi vào Database với mã sai độ dài. (iii) Đảm bảo tính toàn vẹn của dữ liệu: Không xuất hiện bản ghi rác/lỗi trên UI sau đó. [v0.9] Mã code phí là mã HỆ THỐNG TỰ SINH, người dùng không được nhập thủ công. | K38: II.5.1.1.4 | L38: BR_08 | M38: SEC-CODE-FORMAT | N38: Added after QA Review (Security/Backend) | [v0.9-UPD] BR_08: mã tự sinh | U38: =IF(R38<>"", R38, O38)
A39: PR01-KHCN-BR08-NEW-001 | B39: PR01-KHCN | C39: Thêm mới Code phí | D39: [v0.9-NEW] Xác minh Mã code phí do hệ thống tự sinh sau khi Thêm mới | E39: Happy | F39: Smoke | G39: P1 | H39: Maker có quyền, đã điền đầy đủ thông tin bắt buộc (không có trường Mã code phí để nhập). | I39: 1. Điền đầy đủ thông tin bắt buộc tại màn hình Thêm mới Code phí. 2. Nhấn 'Xác nhận'. 3. Checker phê duyệt. 4. Mở bản ghi vừa tạo, quan sát trường Mã code phí. | J39: (i) Logic: Trường 'Mã code phí' không hiển thị để nhập ở form tạo mới. (ii) Sau duyệt, hệ thống tự sinh mã đúng cấu trúc [Phân khúc]_[Nhóm SPDV]_[Thứ tự] – 11 ký tự. (iii) Mã là duy nhất, không trùng bản ghi khác trong hệ thống. | K39: II.5.1.1 – BR_08 | L39: BR_08 | M39: BR_08-NEW-001 | N39: [v0.9-NEW] Theo diff URD v0.9 – mã code phí là mã hệ thống tự sinh
A40: PR01-KHCN-BR08-NEG-NEW-001 | B40: PR01-KHCN | C40: Thêm mới Code phí | D40: [v0.9-NEW] Xác minh giao diện KHÔNG cho phép nhập thủ công Mã code phí | E40: Negative | F40: Regression | G40: P1 | H40: Màn hình Thêm mới Code phí. | I40: 1. Mở màn hình Thêm mới Code phí. 2. Kiểm tra danh sách tất cả các trường hiển thị trên form. | J40: (i) UI: Không tồn tại trường input nào có label 'Mã code phí' ở dạng editable. (ii) Nếu trường Mã hiển thị thì ở dạng read-only/disabled, không cho nhập. (iii) Logic: Không thể bypass bằng cách inspect/edit DOM để inject giá trị mã. | K40: II.5.1.1 – BR_08 | L40: BR_08 | M40: BR_08-NEG-NEW-001 | N40: [v0.9-NEW] Security check – mã tự sinh không được nhập tay

Sheet II.5.1.1.5
A1: TEST CASES — II.5.1.1.5. Thêm mới code phí dành cho KHDN
A2: TC_ID | B2: Module | C2: Feature | D2: Title | E2: Type | F2: Category | G2: Priority | H2: Precondition | I2: Steps | J2: Expected | K2: URD_Ref | L2: BR_Ref | M2: Trace_ID | N2: Note | O2: Status R1 | P2: Tester R1 | Q2: Date R1 | R2: Status R2 | S2: Tester R2 | T2: Date R2 | U2: Final Status
A3: FC-KHDN-BR01-HAP-001 | B3: FEE-CODE-KHDN | C3: II.5.1.1.5 - Thêm mới code phí dành cho KHDN | D3: Xác nhận khi đã nhập đủ trường bắt buộc | E3: Happy | F3: Smoke | G3: P1 | H3: 1. Maker đăng nhập tồn tại SPDV cấp cuối đã duyệt ngày T=2026-03-16 cấu hình VAT mặc định. | I3: 1. Vào chi tiết SPDV cấp cuối -> Bấm 'Thêm code phí'. 2. Nhập Thông tin chung: Loại KH=KHTC/DNSN, chọn Loại tính phí, chọn Loại tiền. 3. Nhập Điều kiện tính phí tương ứng. 4. Chọn Công thức đã phê duyệt & nhập mức phí áp dụng chung. 5. Bấm 'Xác nhận' tại Footer. | J3: (i) Hệ thống gửi yêu cầu thành công. (ii) Hiển thị Toast thông báo: 'Đã tạo yêu cầu thêm mới thành công'. (iii) Bản ghi mới sinh ra ở Dashboard 'Tác vụ chờ duyệt' với trạng thái 'Chờ duyệt'. | K3: II.5.1.1.5 | L3: BR_01 | M3: BR01-MANDATORY-PASS | U3: =IF(R3<>"", R3, O3)
A4: FC-KHDN-BR01-NEG-002 | B4: FEE-CODE-KHDN | C4: II.5.1.1.5 - Thêm mới code phí dành cho KHDN | D4: Chặn xác nhận khi thiếu bất kỳ trường bắt buộc | E4: Negative | F4: Regression | G4: P1 | H4: 1. Maker đăng nhập có SPDV cấp cuối đã duyệt T=2026-03-16. | I4: 1. Mở form 'Thêm code phí'. 2. Để trống ít nhất 1 trường bắt buộc (*). 3. Bấm 'Xác nhận'. | J4: (i) Hệ thống chặn lưu; viền đỏ các ô thiếu và hiển thị tooltip lỗi. (ii) Không sinh bản ghi 'Chờ duyệt' trong cơ sở dữ liệu. | K4: II.5.1.1.5 | L4: BR_01 | M4: BR01-MANDATORY-FAIL | U4: =IF(R4<>"", R4, O4)
A5: FC-KHDN-BR02-HAP-003 | B5: FEE-CODE-KHDN | C5: II.5.1.1.5 - Thêm mới code phí dành cho KHDN | D5: Đóng form không lưu dữ liệu vừa nhập | E5: Happy | F5: Regression | G5: P2 | H5: 1. Maker mở form nhập một số trường bất kỳ. | I5: 1. Trên form đang có dữ liệu chưa lưu, chọn 'Đóng'. 2. Xác nhận popup (nếu có) 'Bạn có chắc muốn thoát?'. 3. Quay lại màn hình trước, mở lại form để kiểm tra. | J5: (i) Không tạo bản ghi, không sinh tác vụ. (ii) Khi mở lại form, dữ liệu không còn; lưới/tree không xuất hiện bản ghi chờ duyệt. (iii) Audit ghi nhận hành động đóng/thoát. | K5: II.5.1.1.5 | L5: BR_02 | M5: BR02-CLOSE-NO-SAVE | U5: =IF(R5<>"", R5, O5)
A6: FC-KHDN-BR03-HAP-004 | B6: FEE-CODE-KHDN | C6: II.5.1.1.5 - Thêm mới code phí dành cho KHDN | D6: Loại tính phí chỉ gồm 2 lựa chọn và hiển thị đúng điều kiện nhập | E6: Happy | F6: Smoke | G6: P1 | H6: 1. Maker mở form. | I6: 1. Tại Thông tin chung, mở combobox 'Loại tính phí'. 2. Chọn 'Theo giao dịch' và quan sát vùng Điều kiện tính phí. 3. Chuyển sang 'Định kỳ' và quan sát sự thay đổi vùng Điều kiện tính phí. | J6: (i) Danh sách chỉ có 'Theo giao dịch' và 'Định kỳ'. (ii) Chọn 'Theo giao dịch' => chỉ hiển thị điều kiện theo Khách hàng và Giao dịch. (iii) Chọn 'Định kỳ' => hiển thị điều kiện theo Khách hàng, Tài khoản, Thẻ. | K6: II.5.1.1.5 | L6: BR_03 | M6: BR03-FEETYPE-UI-BEHAV | U6: =IF(R6<>"", R6, O6)
A7: FC-KHDN-BR03-NEG-005 | B7: FEE-CODE-KHDN | C7: II.5.1.1.5 - Thêm mới code phí dành cho KHDN | D7: Không cho phép chọn đồng thời 2 loại tính phí | E7: Negative | F7: Regression | G7: P2 | H7: 1. Maker mở form. | I7: 1. Chọn 'Theo giao dịch'. 2. Cố gắng chọn thêm 'Định kỳ' (qua phím tắt/keyboard/mouse). | J7: (i) Chỉ một giá trị được chọn tại một thời điểm. (ii) Không có trạng thái đa chọn; validation không báo lỗi khi chuyển đổi hợp lệ. | K7: II.5.1.1.5 | L7: BR_03 | M7: BR03-FEETYPE-SINGLESELECT | U7: =IF(R7<>"", R7, O7)
A8: FC-KHDN-BR04-HAP-006 | B8: FEE-CODE-KHDN | C8: II.5.1.1.5 - Thêm mới code phí dành cho KHDN | D8: Danh sách Công thức tính phí chỉ hiển thị các công thức đã được phê duyệt | E8: Integration | F8: Smoke | G8: P1 | H8: 1. Kho dữ liệu có công thức ở các trạng thái: Đã phê duyệt, Từ chối, Nháp. | I8: 1. Mở dropdown 'Công thức tính phí'. 2. Đối chiếu danh sách hiển thị với kho dữ liệu. 3. Chọn một công thức trạng thái 'Đã phê duyệt'. | J8: (i) Chỉ hiển thị bản ghi ở trạng thái đã được Checker phê duyệt. (ii) Không hiển thị công thức ở trạng thái Nháp/Từ chối. (iii) Cho phép chọn một công thức hợp lệ. | K8: II.5.1.1.5 | L8: BR_04 | M8: BR04-FORMULA-APPROVED-ONLY | U8: =IF(R8<>"", R8, O8)
A9: FC-KHDN-BR04-NEG-007 | B9: FEE-CODE-KHDN | C9: II.5.1.1.5 - Thêm mới code phí dành cho KHDN | D9: Ẩn công thức chưa được phê duyệt khỏi dropdown | E9: Negative | F9: Regression | G9: P2 | H9: 1. Có ít nhất 1 công thức Nháp/Từ chối. | I9: 1. Mở dropdown 'Công thức tính phí'. 2. Tìm theo mã của công thức chưa phê duyệt. | J9: (i) Không tìm thấy kết quả. (ii) Không thể chọn công thức chưa phê duyệt. | K9: II.5.1.1.5 | L9: BR_04 | M9: BR04-FORMULA-EXCLUDE | U9: =IF(R9<>"", R9, O9)
A10: FC-KHDN-BR05-NEG-008 | B10: FEE-CODE-KHDN | C10: II.5.1.1.5 - Thêm mới code phí dành cho KHDN | D10: Một code phí chỉ áp dụng 1 công thức tính phí | E10: Negative | F10: Regression | G10: P1 | H10: 1. Form đang nhập đã chọn một công thức. | I10: 1. Sau khi đã chọn công thức A, cố gắng thêm công thức B (nếu UI hỗ trợ nhiều dòng/mức). 2. Nhấn 'Xác nhận'. | J10: (i) Hệ thống từ chối lưu nếu phát hiện >1 công thức gắn với cùng code. (ii) Thông báo lỗi rõ ràng; không sinh bản ghi. | K10: II.5.1.1.5 | L10: BR_05 | M10: BR05-ONE-FORMULA-ONLY | U10: =IF(R10<>"", R10, O10)
A11: FC-KHDN-BR05-HAP-009 | B11: FEE-CODE-KHDN | C11: II.5.1.1.5 - Thêm mới code phí dành cho KHDN | D11: Lưu thành công khi chỉ chọn đúng 1 công thức | E11: Happy | F11: Smoke | G11: P1 | H11: 1. Như BR01-HAP-001 nhưng đảm bảo chỉ 1 công thức. | I11: 1. Hoàn thiện dữ liệu, chọn duy nhất 1 công thức. 2. 'Xác nhận'. | J11: (i) Lưu thành công; trạng thái 'Chờ duyệt'. (ii) Ghi nhận ID công thức duy nhất trong bản ghi. | K11: II.5.1.1.5 | L11: BR_05 | M11: BR05-SUCCESS-ONE | U11: =IF(R11<>"", R11, O11)
A12: FC-KHDN-BR06-HAP-010 | B12: FEE-CODE-KHDN | C12: II.5.1.1.5 - Thêm mới code phí dành cho KHDN | D12: Mức phí áp dụng chung cho KHTC/DNSN theo điều kiện code phí | E12: Integration | F12: Regression | G12: P2 | H12: 1. Có các khách hàng KHTC/DNSN khác nhau thỏa điều kiện code phí mới tạo. | I12: 1. Tạo code phí với Loại khách hàng=KHTC/DNSN. 2. Giả lập 2 giao dịch từ 2 khách hàng khác nhau nhưng thỏa điều kiện. 3. Đối chiếu mức phí áp dụng. | J12: (i) Cùng một mức phí được áp dụng cho tất cả khách hàng KHTC/DNSN thỏa điều kiện. (ii) Không phát sinh phân biệt theo từng khách hàng cụ thể. | K12: II.5.1.1.5 | L12: BR_06 | M12: BR06-CUSTTYPE-APPLY | U12: =IF(R12<>"", R12, O12)
A13: FC-KHDN-BR07-NEG-011 | B13: FEE-CODE-KHDN | C13: II.5.1.1.5 - Thêm mới code phí dành cho KHDN | D13: Từ chối khi Mã code phí bị trùng | E13: Negative | F13: Smoke | G13: P1 | H13: 1. Trong hệ thống đã tồn tại mã CODE=KHTC_XXXX_001. | I13: 1. Nhập Mã code phí = mã đã tồn tại. 2. Hoàn thiện dữ liệu và 'Xác nhận'. | J13: (i) Hệ thống từ chối với thông báo 'Mã code phí đã tồn tại'. (ii) Không sinh bản ghi/tác vụ. | K13: II.5.1.1.5 | L13: BR_07 | M13: BR07-UNIQUE-ENFORCE | U13: =IF(R13<>"", R13, O13)
A14: FC-KHDN-BR07-HAP-012 | B14: FEE-CODE-KHDN | C14: II.5.1.1.5 - Thêm mới code phí dành cho KHDN | D14: Chấp nhận khi Mã code phí là duy nhất | E14: Happy | F14: Regression | G14: P2 | H14: 1. Không tồn tại mã trùng. | I14: 1. Nhập mã mới chưa tồn tại. 2. 'Xác nhận'. | J14: (i) Lưu thành công; ghi nhận mã duy nhất. (ii) Log kiểm tra uniqueness pass. | K14: II.5.1.1.5 | L14: BR_07 | M14: BR07-UNIQUE-PASS | U14: =IF(R14<>"", R14, O14)
A15: FC-KHDN-BR08-NEG-013 | B15: FEE-CODE-KHDN | C15: II.5.1.1.5 - Thêm mới code phí dành cho KHDN | D15: Từ chối Mã code phí sai định dạng độ dài/khoảng trắng/ký tự | E15: Boundary | F15: Smoke | G15: P1 | H15: 1. Form mở. | I15: 1. Thử nhập Mã code phí có độ dài 10 hoặc 12 ký tự. 2. Thử nhập mã chứa dấu cách hoặc ký tự đặc biệt (!, @, #). 3. Bấm 'Xác nhận'. | J15: (i) Hệ thống thông báo lỗi: 'Mã code phí không đúng định dạng (11 ký tự Chữ+Số viết hoa)'. (ii) Chặn hành động Lưu dữ liệu. [v0.9] Mã code phí là mã HỆ THỐNG TỰ SINH, người dùng không được nhập thủ công. | K15: II.5.1.1.5 | L15: BR_08 | M15: BR08-FORMAT-ENFORCE | N15: [v0.9-UPD] BR_08: mã tự sinh | U15: =IF(R15<>"", R15, O15)
A16: FC-KHDN-BR08-HAP-014 | B16: FEE-CODE-KHDN | C16: II.5.1.1.5 - Thêm mới code phí dành cho KHDN | D16: Chấp nhận Mã code phí đúng cấu trúc [Phân khúc]_[Nhóm SPDV]_[Thứ tự] | E16: Happy | F16: Regression | G16: P2 | H16: 1. Có SPDV cấp 2 tên 4 chữ cái đầu lấy được bộ đếm thứ tự còn slot. | I16: 1. Nhập mã hợp lệ ví dụ: KHTC_ABCD_001. 2. 'Xác nhận'. | J16: (i) Hệ thống chấp nhận; xác thực đủ 11 ký tự theo cấu trúc. (ii) Lưu thành công. [v0.9] Mã code phí là mã HỆ THỐNG TỰ SINH, người dùng không được nhập thủ công. | K16: II.5.1.1.5 | L16: BR_08 | M16: BR08-FORMAT-PASS | N16: [v0.9-UPD] BR_08: mã tự sinh | U16: =IF(R16<>"", R16, O16)
A17: FC-KHDN-BR09-CAL-015 | B17: FEE-CODE-KHDN | C17: II.5.1.1.5 - Thêm mới code phí dành cho KHDN | D17: Sinh/kiểm tra thành phần mã: phân khúc 4 ký tự in hoa, nhóm SPDV 4 ký tự, thứ tự 001-999 tự tăng | E17: Calculation | F17: Regression | G17: P2 | H17: 1. Cấu hình bộ đếm theo phân loại nghiệp vụ có sẵn 001-002. | I17: 1. Chọn Loại khách hàng để lấy phân khúc. 2. Chọn SPDV cấp 2 để lấy nhóm 4 ký tự đầu. 3. Nhập/thao tác để hệ thống đề xuất Thứ tự tiếp theo (tự tăng). 4. Lưu và kiểm tra phần Thứ tự. | J17: (i) Phân khúc = 4 ký tự in hoa từ Loại khách hàng. (ii) Nhóm SPDV = 4 chữ cái đầu của Tên SPDV cấp 2. (iii) Thứ tự = số tự tăng kế tiếp trong khoảng 001..999, không tràn. (iv) Nếu hết 999, hiển thị lỗi hết dải. | K17: II.5.1.1.5 | L17: BR_09 | M17: BR09-CODE-COMPONENTS | U17: =IF(R17<>"", R17, O17)
A18: FC-KHDN-BR10-NEG-016 | B18: FEE-CODE-KHDN | C18: II.5.1.1.5 - Thêm mới code phí dành cho KHDN | D18: Không cho phép chỉnh sửa trường Mã code phí sau khi tạo | E18: Security | F18: Regression | G18: P1 | H18: 1. Có bản ghi code phí ở trạng thái Chờ duyệt/Đã duyệt. | I18: 1. Mở chi tiết bản ghi code phí vừa tạo. 2. Thử chỉnh sửa trường Mã code phí. 3. Lưu thay đổi. | J18: (i) Trường mã ở trạng thái read-only; không thể nhập. (ii) Không có thay đổi mã trong DB/audit. | K18: II.5.1.1.5 | L18: BR_10 | M18: BR10-CODE-READONLY | U18: =IF(R18<>"", R18, O18)
A19: FC-KHDN-BR11-HAP-017 | B19: FEE-CODE-KHDN | C19: II.5.1.1.5 - Thêm mới code phí dành cho KHDN | D19: Bản ghi chưa phê duyệt không hiển thị trên cây Danh mục SPDV | E19: Happy | F19: Smoke | G19: P1 | H19: 1. Vừa tạo code phí trạng thái Chờ duyệt. | I19: 1. Mở cây Danh mục SPDV. 2. Tìm theo mã code phí vừa tạo. | J19: (i) Không thấy bản ghi trong cây. (ii) Nhưng thấy tác vụ tại 'Tác vụ chờ duyệt'. | K19: II.5.1.1.5 | L19: BR_11 | M19: BR11-TREE-HIDE-PENDING | U19: =IF(R19<>"", R19, O19)
A20: FC-KHDN-BR12-CAL-018 | B20: FEE-CODE-KHDN | C20: II.5.1.1.5 - Thêm mới code phí dành cho KHDN | D20: Quy đổi Số tiền tối thiểu/tối đa về Loại tiền của Code phí trước khi so sánh | E20: Calculation | F20: Regression | G20: P1 | H20: 1. Thiết lập loại tiền Code phí = VND Min/Max khai báo bằng USD có tỷ giá tại thời điểm giao dịch. | I20: 1. Nhập mức phí và thiết lập Min/Max bằng loại tiền khác. 2. Lưu code. 3. Giả lập giao dịch tại thời điểm có tỷ giá. 4. Kiểm tra so sánh áp dụng. | J20: (i) Hệ thống quy đổi Min/Max sang VND theo tỷ giá thời điểm giao dịch (tuân phụ lục II.6.5). (ii) So sánh sử dụng giá trị đã quy đổi. (iii) Áp dụng mức phí đúng ngưỡng. | K20: II.5.1.1.5 | L20: BR_12 | M20: BR12-FOREX-COMPARE | U20: =IF(R20<>"", R20, O20)
A21: FC-KHDN-BR13-CAL-019 | B21: FEE-CODE-KHDN | C21: II.5.1.1.5 - Thêm mới code phí dành cho KHDN | D21: Tính phí khi tích 'Đã bao gồm VAT' | E21: Calculation | F21: Smoke | G21: P1 | H21: 1. VAT% cấu hình = 10% mức phí khai báo 1,000 tích 'Đã bao gồm VAT'. | I21: 1. Tạo code phí với mức phí 1,000, tích 'Đã bao gồm VAT'. 2. Thực hiện giao dịch áp dụng code. 3. Kiểm tra số phí thu. | J21: (i) Phí thu = 1,000 đúng bằng mức khai báo, không cộng VAT. (ii) Nhật ký tính phí thể hiện cờ VAT_INCLUDED=true. | K21: II.5.1.1.5 | L21: BR_13 | M21: BR13-VAT-INCLUDED | U21: =IF(R21<>"", R21, O21)
A22: FC-KHDN-BR13-CAL-020 | B22: FEE-CODE-KHDN | C22: II.5.1.1.5 - Thêm mới code phí dành cho KHDN | D22: Tính phí khi KHÔNG tích 'Đã bao gồm VAT' | E22: Calculation | F22: Smoke | G22: P1 | H22: 1. VAT% = 10% mức phí khai báo 1,000 không tích 'Đã bao gồm VAT'. | I22: 1. Tạo code phí mức 1,000, không tích 'Đã bao gồm VAT'. 2. Thực hiện giao dịch. 3. Kiểm tra số phí thu. | J22: (i) Phí thu = 1,000 + 10%*1,000 = 1,100. (ii) Nhật ký tính phí thể hiện VAT_INCLUDED=false và VAT_RATE áp dụng. | K22: II.5.1.1.5 | L22: BR_13 | M22: BR13-VAT-EXCLUDED | U22: =IF(R22<>"", R22, O22)
A23: FC-KHDN-BR14-HAP-021 | B23: FEE-CODE-KHDN | C23: II.5.1.1.5 - Thêm mới code phí dành cho KHDN | D23: Sau khi lưu, trạng thái = Chờ duyệt và sinh tác vụ tại 'Tác vụ chờ duyệt' | E23: Integration | F23: Smoke | G23: P1 | H23: 1. Maker tạo mới thành công. | I23: 1. Sau khi lưu, mở màn hình 'Tác vụ chờ duyệt'. 2. Tìm tác vụ OT.01 tương ứng. | J23: (i) Bản ghi có trạng thái 'Chờ duyệt'. (ii) Tác vụ OT.01 hiển thị với đủ thông tin. (iii) Không tạo version record mới (theo Versioning C). | K23: II.5.1.1.5 | L23: BR_14 | M23: BR14-PENDING-TASK | U23: =IF(R23<>"", R23, O23)
A24: FC-KHDN-BR15-HAP-022 | B24: FEE-CODE-KHDN | C24: II.5.1.1.5 - Thêm mới code phí dành cho KHDN | D24: Trường 'Ngày tạo' hệ thống tự sinh đúng định dạng thời gian thực | E24: Happy | F24: Regression | G24: P2 | H24: 1. Sau khi tạo bản ghi. | I24: 1. Mở chi tiết bản ghi vừa tạo. 2. Kiểm tra 'Ngày tạo'. | J24: (i) Giá trị theo định dạng YYYY-MM-DD HH:MM:SS và trong khoảng thời gian hệ thống tại thời điểm tạo. (ii) Không cho phép chỉnh sửa. | K24: II.5.1.1.5 | L24: BR_15 | M24: BR15-CREATED-AT | U24: =IF(R24<>"", R24, O24)
A25: FC-KHDN-BR16-HAP-023 | B25: FEE-CODE-KHDN | C25: II.5.1.1.5 - Thêm mới code phí dành cho KHDN | D25: Trường 'Người tạo' hiển thị username Maker khởi tạo | E25: Happy | F25: Regression | G25: P2 | H25: 1. Maker A tạo, đăng xuất Maker B kiểm tra. | I25: 1. Maker A tạo bản ghi. 2. Maker B mở chi tiết bản ghi. 3. Kiểm tra 'Người tạo'. | J25: (i) 'Người tạo' = username của Maker A. (ii) Trường read-only. | K25: II.5.1.1.5 | L25: BR_16 | M25: BR16-CREATOR-FIELD | U25: =IF(R25<>"", R25, O25)
A26: FC-KHDN-BR17-NEG-024 | B26: FEE-CODE-KHDN | C26: II.5.1.1.5 - Thêm mới code phí dành cho KHDN | D26: Không cho phép nhập số tiền phí âm | E26: Negative | F26: Smoke | G26: P1 | H26: 1. Form mở. | I26: 1. Nhập mức phí = -1. 2. 'Xác nhận'. | J26: (i) Từ chối lưu với thông báo 'Số tiền phí phải >= 0'. | K26: II.5.1.1.5 | L26: BR_17 | M26: BR17-AMOUNT-NONNEG | U26: =IF(R26<>"", R26, O26)
A27: FC-KHDN-BR17-HAP-025 | B27: FEE-CODE-KHDN | C27: II.5.1.1.5 - Thêm mới code phí dành cho KHDN | D27: Cho phép mức phí = 0 (miễn phí) | E27: Boundary | F27: Regression | G27: P2 | H27: 1. Form mở. | I27: 1. Nhập mức phí = 0. 2. 'Xác nhận'. 3. Thực hiện giao dịch áp dụng code. | J27: (i) Lưu thành công với mức phí=0. (ii) Giao dịch được tính phí 0 theo biểu phí hiện hành; nhật ký ghi nhận miễn phí. | K27: II.5.1.1.5 | L27: BR_17 | M27: BR17-FREE-ZERO | U27: =IF(R27<>"", R27, O27)
A28: FC-KHDN-UI-01-OPEN-026 | B28: FEE-CODE-KHDN | C28: II.5.1.1.5 - Thêm mới code phí dành cho KHDN | D28: Nút 'Thêm code phí' hiển thị và mở đúng form chi tiết | E28: Happy | F28: Smoke | G28: P1 | H28: 1. Đang ở màn hình chi tiết SPDV cấp cuối đã duyệt. | I28: 1. Quan sát khu vực thao tác trên bản ghi SPDV cấp cuối. 2. Bấm 'Thêm code phí'. | J28: (i) Form chi tiết 'Code phí' mở ở modal/route mới. (ii) Tiêu đề, breadcrumb đúng ngữ cảnh sản phẩm dịch vụ. (iii) Focus đặt vào trường đầu tiên theo thiết kế. | K28: II.5.1.1.5 | L28: UI-FUNC.01 | M28: UI-OPEN-FORM | U28: =IF(R28<>"", R28, O28)
... A30: FC-KHDN-UI-03-BTN-028 | B30: FEE-CODE-KHDN | C30: II.5.1.1.5 - Thêm mới code phí dành cho KHDN | D30: Trạng thái nút 'Xác nhận'/'Đóng' và phím tắt | E30: Boundary | F30: Regression | G30: P2 | H30: 1. Form mở, chưa tương tác. | I30: 1. Quan sát trạng thái mặc định của nút 'Xác nhận' (enabled/disabled theo thiết kế). 2. Nhấn phím tắt Submit (Ctrl+Enter) nếu hỗ trợ. 3. Nhấn 'Đóng' hoặc phím tắt Esc. | J30: (i) Nút hiển thị đúng trạng thái; phím tắt hoạt động. (ii) 'Đóng' chỉ đóng form, không lưu (validation BR_02 đã được cover, không kiểm lại logic lưu). | K30: II.5.1.1.5 | L30: UI-FUNC.03 | M30: UI-BUTTON-STATE | U30: =IF(R30<>"", R30, O30)
A31: FC-KHDN-UI-04-INBOX-029 | B31: FEE-CODE-KHDN | C31: II.5.1.1.5 - Thêm mới code phí dành cho KHDN | D31: Sau lưu thành công, mục mới xuất hiện trong 'Tác vụ chờ duyệt' (kiểm hiển thị) | E31: Happy | F31: Smoke | G31: P1 | H31: 1. Đã thực hiện một thao tác lưu thành công từ testcase BR14-HAP-021. | I31: 1. Mở màn hình 'Tác vụ chờ duyệt'. 2. Tìm theo mã code phí/ID tác vụ. 3. Kiểm tra cột/thuộc tính hiển thị. | J31: (i) Bản ghi xuất hiện với đúng cột: mã, thời gian, người tạo. (ii) Có thể mở chi tiết từ danh sách. (Trạng thái nghiệp vụ đã cover ở BR_14). | K31: II.5.1.1.5 | L31: UI-FUNC.04 | M31: UI-TASK-INBOX | N31: ĐÃ COVER phần trạng thái ở FC-KHDN-BR14-HAP-021 | U31: =IF(R31<>"", R31, O31)
A32: FC-KHDN-UI-05-KEEP-030 | B32: FEE-CODE-KHDN | C32: II.5.1.1.5 - Thêm mới code phí dành cho KHDN | D32: Hành vi khi Refresh/Back: dữ liệu tạm thời | E32: Boundary | F32: Regression | G32: P3 | H32: 1. Đã nhập một số dữ liệu chưa lưu. | I32: 1. Nhập dữ liệu ở 3 phân vùng. 2a. Nhấn Refresh trình duyệt. 2b. Nhấn Back rồi Forward quay lại form. 3. Quan sát dữ liệu. | J32: (i) Ứng xử theo thiết kế: giữ hoặc mất dữ liệu tạm (thông báo cảnh báo nếu có). (ii) Không tự động lưu. (Logic không lưu đã cover ở BR_02). | K32: II.5.1.1.5 | L32: UI-FUNC.05 | M32: UI-REFRESH-BACK | U32: =IF(R32<>"", R32, O32)
A33: FC-KHDN-UI-06-SEARCHDDL-031 | B33: FEE-CODE-KHDN | C33: II.5.1.1.5 - Thêm mới code phí dành cho KHDN | D33: Tìm kiếm trong dropdown Công thức tính phí (UI only) | E33: Happy | F33: Regression | G33: P3 | H33: 1. Dropdown có >20 mục để thử tìm kiếm. | I33: 1. Mở dropdown Công thức tính phí. 2. Gõ từ khóa/mã. 3. Xóa từ khóa và cuộn danh sách. | J33: (i) Filter theo text hoạt động client-side. (ii) Xóa từ khóa trả lại danh sách đầy đủ. (Không kiểm trạng thái phê duyệt). | K33: II.5.1.1.5 | L33: UI-FUNC.06 | M33: UI-DROPDOWN-SEARCH | U33: =IF(R33<>"", R33, O33)
A34: FC-KHDN-UI-07-PAGING-032 | B34: FEE-CODE-KHDN | C34: II.5.1.1.5 - Thêm mới code phí dành cho KHDN | D34: Phân trang/scroll ảo danh sách Công thức tính phí | E34: Boundary | F34: Regression | G34: P3 | H34: 1. Có >100 công thức để kiểm tra phân trang/virtual scroll. | I34: 1. Mở dropdown. 2. Cuộn tới cuối danh sách nhiều lần. 3. Quan sát tải thêm/paging indicator. | J34: (i) Danh sách nạp thêm đúng, không trùng/nhảy. (ii) Không bị kẹt cuộn; hiệu năng ổn định. | K34: II.5.1.1.5 | L34: UI-FUNC.07 | M34: UI-DROPDOWN-PAGING | U34: =IF(R34<>"", R34, O34)
A35: FC-KHDN-FLOW-HAP-033 | B35: FEE-CODE-KHDN | C35: II.5.1.1.5 - Thêm mới code phí dành cho KHDN | D35: Happy path: Tạo mới code phí KHDN đầy đủ và sinh tác vụ OT.01 | E35: Happy | F35: Smoke | G35: P1 | H35: 1. Maker đăng nhập tồn tại SPDV cấp cuối có ít nhất 1 công thức đã phê duyệt T=2026-03-16. | I35: 1. Từ SPDV cấp cuối, bấm 'Thêm code phí'. 2. Nhập Thông tin chung, Loại khách hàng=KHTC/DNSN, Loại tính phí bất kỳ. 3. Nhập Điều kiện tính phí theo loại đã chọn. 4. Chọn 1 Công thức tính phí và nhập mức phí. 5. Chọn 'Xác nhận'. | J35: (i) Lưu thành công; trạng thái 'Chờ duyệt'. (ii) Tác vụ OT.01 xuất hiện ở 'Tác vụ chờ duyệt'. (iii) 'Ngày tạo' và 'Người tạo' được hệ thống sinh đúng. | K35: II.5.1.1.5 | L35: BR_01,BR_04,BR_05,BR_14,BR_15,BR_16 | M35: FLOW-HAPPY | U35: =IF(R35<>"", R35, O35)
A36: FC-KHDN-FLOW-NEG-034 | B36: FEE-CODE-KHDN | C36: II.5.1.1.5 - Thêm mới code phí dành cho KHDN | D36: Negative path: Bỏ dở quy trình bằng 'Đóng' giữa chừng | E36: Negative | F36: Regression | G36: P2 | H36: 1. Maker vào form và nhập một phần dữ liệu. | I36: 1. Đang nhập dở, nhấn 'Đóng'. 2. Xác nhận thoát. 3. Kiểm tra toàn hệ thống. | J36: (i) Không có bản ghi Code phí mới ở bất kỳ danh sách nào. (ii) Không có tác vụ OT.01. (iii) Audit lưu hành động đóng. | K36: II.5.1.1.5 | L36: BR_02 | M36: FLOW-CANCEL | U36: =IF(R36<>"", R36, O36)
A37: FC-KHDN-FLOW-BND-035 | B37: FEE-CODE-KHDN | C37: II.5.1.1.5 - Thêm mới code phí dành cho KHDN | D37: Boundary path: Kiểm thử mã code sát ngưỡng thứ tự 999 | E37: Boundary | F37: Regression | G37: P2 | H37: 1. Bộ đếm thứ tự hiện tại = 998 cho phân loại tương ứng. | I37: 1. Tạo code với thứ tự 999. 2. Lưu thành công. 3. Thử tạo thêm một code tiếp theo (dự kiến 1000). | J37: (i) Bản ghi thứ 999 lưu được. (ii) Bản ghi tiếp theo bị từ chối vì vượt quá 999, thông báo rõ ràng. | K37: II.5.1.1.5 | L37: BR_09 | M37: FLOW-ORDER-BOUNDARY | U37: =IF(R37<>"", R37, O37)
A38: FC-KHDN-BR06-NEG-001 | B38: FEE-CODE-KHDN | C38: II.5.1.1.5 - Thêm mới code phí dành cho KHDN | D38: Kiểm tra UI: Chọn KHDN phải ẩn hoàn toàn danh sách segment | E38: Negative | F38: Regression | G38: P1 | H38: 1. Đang ở form 'Thêm code phí'. | I38: 1. Tại trường 'Loại khách hàng', chọn 'KHTC/DNSN'. 2. Cuộn xuống phân vùng 'Quy tắc tính phí' và quan sát hiển thị. | J38: (i) Hệ thống ẩn hoàn toàn danh sách 9 segment (như KHCN). (ii) Chỉ hiển thị 01 dòng khai báo mức phí/tỷ lệ áp dụng chung cho toàn bộ phân khúc KHDN. (iii) UI gọn gàng, không thừa các trường dữ liệu của KHCN. | K38: II.5.1.1.5 | L38: BR_06 | M38: UI-KHDN-NOSEGMENT | N38: Added after QA Review | U38: =IF(R38<>"", R38, O38)
A39: FC-KHDN-BR03-NEG-003 | B39: FEE-CODE-KHDN | C39: II.5.1.1.5 - Thêm mới code phí dành cho KHDN | D39: Chuyển Loại tính phí: Kiểm tra tự động xóa trắng dữ liệu vùng cũ | E39: Negative | F39: Regression | G39: P2 | H39: 1. Đang nhập dữ liệu cho 'Theo giao dịch'. | I39: 1. Nhập liệu demo (Số tiền, v.v.). 2. Thay đổi 'Loại tính phí' thành 'Định kỳ'. 3. Chuyển ngược lại về 'Theo giao dịch'. 4. Kiểm tra các ô nhập liệu. | J39: (i) Khi chuyển loại: Vùng dữ liệu cũ bị ẩn đi. (ii) Khi quay lại: Toàn bộ ô nhập liệu trước đó phải trở về trạng thái trống (Clear). (iii) Đảm bảo dữ liệu rác không được gửi lên server khi bấm 'Xác nhận'. | K39: II.5.1.1.5 | L39: BR_03 | M39: DATA-CLEANUP-TOGGLE | N39: Added after QA Review | U39: =IF(R39<>"", R39, O39)
A40: FC-KHDN-SEC-01-ROLE | B40: FEE-CODE-KHDN | C40: II.5.1.1.5 - Thêm mới code phí dành cho KHDN | D40: Phân quyền: Checker/Viewer không được phép thấy/click nút thêm mới | E40: Security | F40: Regression | G40: P1 | H40: 1. Đăng nhập vai trò Checker hoặc Viewer. | I40: 1. Vào màn hình chi tiết SPDV cấp cuối. 2. Kiểm tra sự hiện diện của nút 'Thêm code phí'. 3. Thử truy cập trực tiếp bằng URL của form thêm mới. | J40: (i) Nút 'Thêm code phí' bị ẩn hoặc disabled. (ii) Nếu truy cập qua URL: Hệ thống hiển thị thông báo '403 Forbidden' hoặc 'Bạn không có quyền'. (iii) Tuyệt đối không cho phép mở form và nhập liệu. | K40: II.5.1.1.5 | L40: Functional | M40: ROLES-PERMISSION-BLOCK | N40: Added after QA Review | U40: =IF(R40<>"", R40, O40)
A41: FC-KHDN-FLOW-NEG-036 | B41: FEE-CODE-KHDN | C41: II.5.1.1.5 - Thêm mới code phí dành cho KHDN | D41: Dropdown Công thức trống: Kiểm tra hiển thị và thông báo | E41: Negative | F41: Smoke | G41: P2 | H41: 1. SPDV không có bất kỳ công thức nào được Checker phê duyệt. | I41: 1. Mở form 'Thêm code phí'. 2. Mở dropdown 'Công thức tính phí'. | J41: (i) Danh sách dropdown trống. (ii) Hệ thống hiển thị text cảnh báo: 'Không có dữ liệu công thức phê duyệt'. (iii) Nút 'Xác nhận' bị disabled chặn lưu. | K41: II.5.1.1.5 | L41: BR_04 | M41: FORMULA-EMPTY-NOTIFY | N41: Added after QA Review | U41: =IF(R41<>"", R41, O41)
A42: PR01-KHDN-BR08-NEW-001 | B42: PR01-KHDN | C42: Thêm mới Code phí | D42: [v0.9-NEW] Xác minh Mã code phí do hệ thống tự sinh sau khi Thêm mới | E42: Happy | F42: Smoke | G42: P1 | H42: Maker có quyền, đã điền đầy đủ thông tin bắt buộc (không có trường Mã code phí để nhập). | I42: 1. Điền đầy đủ thông tin bắt buộc tại màn hình Thêm mới Code phí. 2. Nhấn 'Xác nhận'. 3. Checker phê duyệt. 4. Mở bản ghi vừa tạo, quan sát trường Mã code phí. | J42: (i) Logic: Trường 'Mã code phí' không hiển thị để nhập ở form tạo mới. (ii) Sau duyệt, hệ thống tự sinh mã đúng cấu trúc [Phân khúc]_[Nhóm SPDV]_[Thứ tự] – 11 ký tự. (iii) Mã là duy nhất, không trùng bản ghi khác trong hệ thống. | K42: II.5.1.1 – BR_08 | L42: BR_08 | M42: BR_08-NEW-001 | N42: [v0.9-NEW] Theo diff URD v0.9 – mã code phí là mã hệ thống tự sinh
A43: PR01-KHDN-BR08-NEG-NEW-001 | B43: PR01-KHDN | C43: Thêm mới Code phí | D43: [v0.9-NEW] Xác minh giao diện KHÔNG cho phép nhập thủ công Mã code phí | E43: Negative | F43: Regression | G43: P1 | H43: Màn hình Thêm mới Code phí. | I43: 1. Mở màn hình Thêm mới Code phí. 2. Kiểm tra danh sách tất cả các trường hiển thị trên form. | J43: (i) UI: Không tồn tại trường input nào có label 'Mã code phí' ở dạng editable. (ii) Nếu trường Mã hiển thị thì ở dạng read-only/disabled, không cho nhập. (iii) Logic: Không thể bypass bằng cách inspect/edit DOM để inject giá trị mã. | K43: II.5.1.1 – BR_08 | L43: BR_08 | M43: BR_08-NEG-NEW-001 | N43: [v0.9-NEW] Security check – mã tự sinh không được nhập tay

Sheet II.5.1.1.6
A1: TEST CASES — II.5.1.1.6. Chuyển đổi Code phí từ SPDV này sang SPDV khác
A2: TC_ID | B2: Module | C2: Feature | D2: Title | E2: Type | F2: Category | G2: Priority | H2: Precondition | I2: Steps | J2: Expected | K2: URD_Ref | L2: BR_Ref | M2: Trace_ID | N2: Note | O2: Status R1 | P2: Tester R1 | Q2: Date R1 | R2: Status R2 | S2: Tester R2 | T2: Date R2 | U2: Final Status
A3: SPDV-XFER-BR01-HAP-001 | B3: Chuyển đổi Code phí giữa SPDV | C3: Chuyển đổi Code phí | D3: Xác nhận khi đã nhập đủ trường bắt buộc (*) | E3: Happy | F3: Smoke | G3: P1 | H3: 1. Vai trò: Maker Đang ở màn hình 'Chuyển đổi code phí' Có tối thiểu 1 SPDV mới hợp lệ đã phê duyệt Có tối thiểu 1 nhóm code phí thuộc cùng 1 SPDV cấp cuối cũ. | I3: 1. Tại Danh mục SPDV, tích chọn 1+ code phí (phải cùng 1 SPDV cấp cuối cũ). 2. Nhấn nút 'Chuyển đổi' tại Toolbar. 3. Trên popup, gõ tìm và chọn SPDV cấp cuối mới (khác SPDV cũ). 4. Kiểm tra các trường thông tin tự sinh và nhập trường bắt buộc (*). 5. Nhấn 'Xác nhận' tại Footer popup. | J3: (i) Hệ thống gửi yêu cầu thành công. (ii) Hiển thị thông báo Toast thành công. (iii) Trạng thái bản ghi tại SPDV cũ chưa đổi; sinh tác vụ 'Chờ duyệt' tại module Tác vụ chờ duyệt. | K3: I.1.1.1.1 | L3: BR_01; BR_09 | M3: BR01-MANDATORY | U3: =IF(R3<>"", R3, O3)
A4: SPDV-XFER-BR01-NEG-002 | B4: Chuyển đổi Code phí giữa SPDV | C4: Chuyển đổi Code phí | D4: Chặn 'Xác nhận' khi thiếu bất kỳ trường bắt buộc | E4: Negative | F4: Regression | G4: P1 | H4: 1. Vai trò: Maker Popup 'Chuyển đổi code phí' đang mở. | I4: 1. Để trống lần lượt từng trường bắt buộc (biến thể 1/2/3…). 2. Nhấn 'Xác nhận'. | J4: (i) Hệ thống từ chối lưu. (ii) Hiển thị thông báo lỗi cạnh trường thiếu và/hoặc toast tổng hợp. (iii) Không tạo tác vụ, không thay đổi trạng thái bản ghi. (iv) Audit ghi nhận lỗi validation, không phát sinh OT.01. | K4: I.1.1.1.1 | L4: BR_01 | M4: BR01-MANDATORY-NEG | U4: =IF(R4<>"", R4, O4)
A5: SPDV-XFER-BR02-HAP-003 | B5: Chuyển đổi Code phí giữa SPDV | C5: Chuyển đổi Code phí | D5: Đóng popup – không lưu dữ liệu tạm nhập | E5: Happy | F5: Regression | G5: P2 | H5: 1. Vai trò: Maker Popup đang mở, đã nhập thay đổi hợp lệ. | I5: 1. Nhấn 'Đóng'. 2. Xác nhận đóng nếu có cảnh báo. | J5: (i) Nghiệp vụ: Không lưu bất cứ dữ liệu nào; không tạo yêu cầu chuyển đổi. (ii) UI: Popup đóng, không xuất hiện item mới trong lưới. (iii) Trạng thái/audit: Không sinh OT.01; không có bản ghi 'Chờ duyệt'. | K5: I.1.1.1.1 | L5: BR_02; BR_06 | M5: BR02-CLOSE-NOSAVE | U5: =IF(R5<>"", R5, O5)
A6: SPDV-XFER-BR03-NEG-004 | B6: Chuyển đổi Code phí giữa SPDV | C6: Chuyển đổi Code phí | D6: Chặn chuyển đổi khi SPDV mới chưa tồn tại/không hợp lệ | E6: Negative | F6: Smoke | G6: P1 | H6: 1. Vai trò: Maker Có danh sách code phí được chọn. | I6: 1. Mở popup. 2. Tìm chọn một SPDV mới ở trạng thái chưa phê duyệt/đã hết hiệu lực/không khớp số cấp tham số n. 3. Nhấn 'Xác nhận'. | J6: (i) Hệ thống từ chối: thông báo SPDV mới không hợp lệ hoặc chưa được phê duyệt. (ii) Không sinh tác vụ; dữ liệu không đổi. (iii) Audit ghi nhận lỗi tham chiếu SPDV. | K6: I.1.1.1.1 | L6: BR_03 | M6: BR03-SPDV-VALIDATION | U6: =IF(R6<>"", R6, O6)
A7: SPDV-XFER-BR04-NEG-005 | B7: Chuyển đổi Code phí giữa SPDV | C7: Chuyển đổi Code phí | D7: Chặn khi chọn cùng SPDV cấp cuối cũ | E7: Negative | F7: Smoke | G7: P1 | H7: 1. Vai trò: Maker Có ít nhất 1 code phí ở SPDV cấp cuối A. | I7: 1. Mở popup, chọn SPDV mới = A (cùng cấp cuối hiện tại). 2. Nhấn 'Xác nhận'. | J7: (i) Bị chặn với thông báo 'SPDV mới phải khác SPDV hiện tại'. (ii) Không tạo tác vụ, không thay đổi dữ liệu. (iii) Audit ghi nhận sự kiện bị từ chối. | K7: I.1.1.1.1 | L7: BR_04 | M7: BR04-DIFF-LEAF | U7: =IF(R7<>"", R7, O7)
A8: SPDV-XFER-BR05-HAP-006 | B8: Chuyển đổi Code phí giữa SPDV | C8: Chuyển đổi Code phí | D8: Chuyển nhiều code phí cùng 1 SPDV cấp cuối cũ sang 1 SPDV cấp cuối mới | E8: Happy | F8: Smoke | G8: P1 | H8: 1. Vai trò: Maker Có nhóm 2–10 code phí thuộc cùng SPDV cấp cuối A Có SPDV cấp cuối B hợp lệ. | I8: 1. Chọn tất cả các code phí thuộc cùng A. 2. Nhấn 'Chuyển đổi'. 3. Trên popup chọn SPDV mới = B. 4. Nhấn 'Xác nhận'. | J8: (i) Hệ thống ghi nhận 1 yêu cầu chuyển đổi duy nhất cho cả nhóm. (ii) UI: toast thành công; lưới vẫn hiển thị các code phí ở SPDV cũ cho đến khi phê duyệt. (iii) Trạng thái/audit: tạo 1 tác vụ OT.01 'Chờ duyệt' gắn danh sách code phí; log chi tiết A→B. | K8: I.1.1.1.1 | L8: BR_05; BR_08; BR_09 | M8: BR05-GROUP-XFER | N8: [v0.9-UPD] BR_05: cho phép chuyển nhiều code phí | U8: =IF(R8<>"", R8, O8)
A9: SPDV-XFER-BR05-NEG-007 | B9: Chuyển đổi Code phí giữa SPDV | C9: Chuyển đổi Code phí | D9: Chặn chọn code phí từ nhiều SPDV cấp cuối cũ trong cùng một lần chuyển | E9: Negative | F9: Regression | G9: P2 | H9: 1. Vai trò: Maker Danh sách có code phí thuộc các SPDV cấp cuối A và C. | I9: 1. Tick chọn lộn xộn code phí từ 2 SPDV cấp cuối khác nhau (Ví dụ A và C). 2. Quan sát phản ứng hoặc nhấn 'Chuyển đổi'. | J9: (i) Hệ thống cảnh báo ngay khi tích chọn hoặc Chặn khi nhấn nút. (ii) Thông báo lỗi: 'Chỉ được phép chuyển các code phí thuộc cùng một SPDV cấp cuối trong một lần chọn'. | K9: I.1.1.1.1 | L9: BR_05 | M9: BR05-SAME-OLD-LEAF | N9: [v0.9-UPD] BR_05: cho phép chuyển nhiều code phí | U9: =IF(R9<>"", R9, O9)
A10: SPDV-XFER-BR07-NEG-008 | B10: Chuyển đổi Code phí giữa SPDV | C10: Chuyển đổi Code phí | D10: Chặn khi cây SPDV mới không phù hợp cấu hình với các code phí đã chọn | E10: Negative | F10: Smoke | G10: P1 | H10: 1. Vai trò: Maker Có cấu hình SPDV B thiếu các SPDV trung gian/thuộc tính bắt buộc đối với code phí. | I10: 1. Chọn nhóm code phí hợp lệ. 2. Chọn SPDV mới B không đáp ứng cấu hình yêu cầu. 3. Nhấn 'Xác nhận'. | J10: (i) Bị chặn; thông báo nêu rõ hạng mục cấu hình thiếu/không khớp. (ii) Không sinh tác vụ. (iii) Audit ghi nguyên nhân không phù hợp cấu hình. | K10: I.1.1.1.1 | L10: BR_07 | M10: BR07-VALIDATE-NEW-TREE | U10: =IF(R10<>"", R10, O10)
A11: SPDV-XFER-BR09-HAP-009 | B11: Chuyển đổi Code phí giữa SPDV | C11: Chuyển đổi Code phí | D11: Sau khi tạo yêu cầu: trạng thái 'Chờ duyệt', hiển thị trong 'Tác vụ chờ duyệt' và vẫn còn ở SPDV cũ | E11: Happy | F11: Smoke | G11: P1 | H11: 1. Vai trò: Maker Vừa tạo yêu cầu chuyển đổi thành công. | I11: 1. Mở 'Tác vụ chờ duyệt'. 2. Tìm yêu cầu vừa tạo. 3. Vào danh sách SPDV cũ và mới để quan sát hiển thị. | J11: (i) Nghiệp vụ: Yêu cầu có trạng thái 'Chờ duyệt'. (ii) UI: Item xuất hiện tại 'Tác vụ chờ duyệt'; trong danh sách SPDV, bản ghi vẫn hiển thị ở cây cũ và CHƯA hiển thị ở cây mới. (iii) Audit: log đầy đủ Maker, thời gian {T}, nội dung chuyển. (iv) Versioning: không tạo bản ghi version mới; mọi thay đổi qua OT.01. | K11: I.1.1.1.1 | L11: BR_08; BR_09 | M11: BR09-PENDING-VISIBILITY | U11: =IF(R11<>"", R11, O11)
A12: SPDV-XFER-BR10-NEG-010 | B12: Chuyển đổi Code phí giữa SPDV | C12: Chuyển đổi Code phí | D12: Sửa ngày hiệu lực vi phạm logic (end<start/gap/con vượt ngoài cha) bị chặn và sinh OT.01 | E12: Negative | F12: Regression | G12: P1 | H12: 1. Vai trò: Maker Có bản ghi chuyển đổi ở trạng thái nháp trước xác nhận ngày hiệu lực Tham số kiểm tra hiệu lực bật. | I12: 1. Mở form chỉnh hiệu lực cho yêu cầu (nếu có). 2. Nhập ngày kết thúc < ngày bắt đầu (biến thể 2: tạo khoảng trống hiệu lực; 3: phạm vi con vượt ngoài cha). 3. Nhấn Lưu. | J12: (i) Bị chặn với thông điệp nêu rõ vi phạm. (ii) Không tạo version mới; mọi sửa nếu hợp lệ phải đi qua tác vụ OT.01. (iii) Audit: ghi nhận nỗ lực sửa và lý do chặn. | K12: I.1.1.1.1 | L12: CTX-OT/Effective | M12: EFFECTIVE-VALIDATION | U12: =IF(R12<>"", R12, O12)
A13: SPDV-XFER-BR10-HAP-011 | B13: Chuyển đổi Code phí giữa SPDV | C13: Chuyển đổi Code phí | D13: Sửa ngày hiệu lực hợp lệ – tạo tác vụ OT.01 (không tạo version mới) | E13: Happy | F13: Regression | G13: P2 | H13: 1. Vai trò: Maker Bật cơ chế OT=C Một bản ghi chuyển đổi đã tồn tại. | I13: 1. Thực hiện sửa ngày hiệu lực theo quy tắc hợp lệ. 2. Nhấn Lưu. | J13: (i) Hệ thống chấp nhận; sinh tác vụ OT.01 để Checker duyệt. (ii) Không tạo version record mới. (iii) Audit ghi nhận thay đổi hiệu lực và liên kết OT.01. | K13: I.1.1.1.1 | L13: CTX-OT/Effective | M13: EFFECTIVE-UPDATE | U13: =IF(R13<>"", R13, O13)
A14: SPDV-XFER-UI-01-NAV-001 | B14: Chuyển đổi Code phí giữa SPDV | C14: Chuyển đổi Code phí | D14: Mở popup 'Chuyển đổi' từ lưới danh mục SPDV | E14: Happy | F14: Smoke | G14: P1 | H14: 1. Vai trò: Maker Đang ở màn hình Danh mục SPDV. | I14: 1. Tích chọn 1 hoặc nhiều dòng. 2. Nhấn nút 'Chuyển đổi' trên toolbar. | J14: (i) UI: Hiển thị popup chọn cây SPDV mới kèm phần thống kê 'Cây SPDV cũ/ mới'. (ii) Nút 'Xác nhận' disabled cho đến khi có lựa chọn tối thiểu; nút 'Đóng' luôn khả dụng. (iii) Không thay đổi dữ liệu cho đến khi xác nhận. | K14: I.1.1.1.1 | M14: UI-FUNC.01-NAV | U14: =IF(R14<>"", R14, O14)
A15: SPDV-XFER-UI-02-STATE-002 | B15: Chuyển đổi Code phí giữa SPDV | C15: Chuyển đổi Code phí | D15: Trạng thái nút 'Xác nhận'/'Đóng' và giữ dữ liệu khi đóng-mở lại | E15: Boundary | F15: Regression | G15: P2 | H15: 1. Vai trò: Maker Popup đã mở và đã nhập một số lựa chọn hợp lệ. | I15: 1. Quan sát trạng thái nút khi chưa chọn SPDV mới. 2. Chọn SPDV mới, quan sát nút. 3. Nhấn 'Đóng' để đóng popup. 4. Mở lại popup từ cùng lựa chọn trên lưới. | J15: (i) UI: 'Xác nhận' disabled khi thiếu dữ liệu tối thiểu, enabled khi đã chọn; 'Đóng' luôn enabled. (ii) Sau khi đóng và mở lại từ cùng lựa chọn, dữ liệu trên lưới được giữ, nhưng popup reset về trạng thái ban đầu (không mang theo dữ liệu cũ). | K15: I.1.1.1.1 | M15: UI-FUNC.02-STATE | U15: =IF(R15<>"", R15, O15)
A16: SPDV-XFER-UI-03-GRID-003 | B16: Chuyển đổi Code phí giữa SPDV | C16: Chuyển đổi Code phí | D16: Hiển thị trên lưới sau khi tạo yêu cầu (pending vẫn ở SPDV cũ) | E16: Happy | F16: Regression | G16: P2 | H16: 1. Vai trò: Maker Vừa tạo yêu cầu thành công. | I16: 1. Quay lại lưới danh mục SPDV cũ. 2. Refresh/Reload trang. 3. Kiểm tra bộ lọc/ô tìm kiếm hiển thị bản ghi. 4. Kiểm tra pagination không mất vị trí. | J16: (i) UI: Bản ghi vẫn hiển thị dưới SPDV cũ. Tìm kiếm/lọc/pagination hoạt động bình thường. (ii) Không có duplication dòng. (iii) Không tự động điều hướng sang cây mới. | K16: I.1.1.1.1 | M16: UI-FUNC.03-GRID | U16: =IF(R16<>"", R16, O16)
A17: SPDV-XFER-UI-04-TASK-004 | B17: Chuyển đổi Code phí giữa SPDV | C17: Chuyển đổi Code phí | D17: Điều hướng tới 'Tác vụ chờ duyệt' từ thông báo thành công | E17: Happy | F17: Regression | G17: P3 | H17: 1. Vai trò: Maker Vừa nhận toast thành công. | I17: 1. Nhấn vào link/CTA trên toast (nếu có) hoặc mở menu 'Tác vụ chờ duyệt'. 2. Quan sát danh sách. | J17: (i) UI: Điều hướng đúng module 'Tác vụ chờ duyệt'. (ii) Bản ghi mới ở đầu danh sách theo thời gian tạo; có thể mở chi tiết từ đây. (iii) Không cần kiểm lại logic trạng thái. | K17: I.1.1.1.1 | M17: UI-FUNC.04-NAV-TASK | U17: =IF(R17<>"", R17, O17)
A18: SPDV-XFER-UI-05-LIST-005 | B18: Chuyển đổi Code phí giữa SPDV | C18: Chuyển đổi Code phí | D18: Pagination & tải xuống danh sách SPDV (không ảnh hưởng dữ liệu) | E18: Boundary | F18: Regression | G18: P3 | H18: 1. Vai trò: Maker Danh sách có > 100 dòng. | I18: 1. Đổi kích thước trang (10/50/100). 2. Chuyển trang trước/sau. 3. Xuất file (CSV/Excel) nếu có. 4. Mở lại popup từ dòng đang ở trang khác. | J18: (i) UI: Phân trang hoạt động mượt, giữ vị trí khi quay lại. (ii) File xuất tải xuống thành công, mã hóa UTF-8, tiêu đề cột đúng. (iii) Không làm mất lựa chọn trên lưới khi thay đổi trang (nếu hệ thống hỗ trợ). | K18: I.1.1.1.1 | M18: UI-FUNC.05-PAGING-EXPORT | U18: =IF(R18<>"", R18, O18)
A19: SPDV-XFER-FLOW-HAP-001 | B19: Chuyển đổi Code phí giữa SPDV | C19: Chuyển đổi Code phí | D19: E2E: Maker chuyển đổi nhóm code phí → tạo OT.01 → Checker phê duyệt | E19: Integration | F19: Smoke | G19: P1 | H19: 1. Vai trò: Maker & Checker Có nhóm code phí cùng SPDV cấp cuối A SPDV mới B hợp lệ Quy trình OT 01 hoạt động. | I19: 1. Maker chọn nhóm và tạo yêu cầu chuyển A→B. 2. Mở 'Tác vụ chờ duyệt'. 3. Checker đăng nhập, mở tác vụ OT.01, kiểm tra diff và Phê duyệt. 4. Quay lại danh sách SPDV cũ & mới để xác nhận hiển thị. | J19: (i) Sau phê duyệt: code phí được gắn sang SPDV B; không còn ở A. (ii) UI: lưới cây B hiển thị bản ghi; cây A không còn. (iii) Audit: có log Maker/Checker, thời gian, nội dung diff. (iv) Versioning: cập nhật in-place, không tạo version record mới. | K19: I.1.1.1.1 | L19: End-to-End | M19: FLOW-APPROVAL | U19: =IF(R19<>"", R19, O19)
A20: SPDV-XFER-FLOW-NEG-002 | B20: Chuyển đổi Code phí giữa SPDV | C20: Chuyển đổi Code phí | D20: E2E: Checker Từ chối → dữ liệu giữ nguyên ở SPDV cũ | E20: Negative | F20: Regression | G20: P2 | H20: 1. Vai trò: Maker & Checker Có một yêu cầu đang 'Chờ duyệt'. | I20: 1. Checker mở tác vụ OT.01. 2. Từ chối với lý do. 3. Maker kiểm tra lại danh sách SPDV cũ & mới. | J20: (i) Nghiệp vụ: Yêu cầu chuyển đổi bị từ chối, trạng thái kết thúc phù hợp. (ii) UI: Code phí vẫn hiển thị ở SPDV cũ; không xuất hiện ở SPDV mới. (iii) Audit: lưu lý do từ chối; thông báo tới Maker (nếu có). | K20: I.1.1.1.1 | L20: End-to-End | M20: FLOW-REJECT | U20: =IF(R20<>"", R20, O20)
A21: SPDV-XFER-FLOW-BND-003 | B21: Chuyển đổi Code phí giữa SPDV | C21: Chuyển đổi Code phí | D21: E2E Boundary: Chuyển số lượng lớn (N≈500/1000) trong 1 nhóm | E21: Boundary | F21: Regression | G21: P2 | H21: 1. Vai trò: Maker & Checker Data có nhóm lớn thuộc cùng 1 SPDV cấp cuối A Tham số giới hạn kích cỡ lô = M (nếu có). | I21: 1. Maker chọn N code phí trong cùng nhóm A (biến thể: 100/500/1000). 2. Tạo yêu cầu A→B. 3. Checker phê duyệt. 4. Theo dõi thời gian xử lý & thông báo. | J21: (i) Hệ thống xử lý trong ngưỡng hiệu năng kỳ vọng hoặc phân lô theo thiết kế; không lỗi timeout. (ii) Kết quả đúng tại cây B; audit ghi nhận đầy đủ. (iii) Không tạo phiên bản mới, mọi cập nhật qua OT.01. | K21: I.1.1.1.1 | L21: End-to-End | M21: FLOW-LARGE-BATCH | U21: =IF(R21<>"", R21, O21)
A22: SPDV-XFER-BR07-NEG-009 | B22: Chuyển đổi Code phí giữa SPDV | C22: Chuyển đổi Code phí | D22: Chặn chuyển đổi nếu SPDV mới không tương thích (Loại KH/Loại tính phí) | E22: Negative | F22: Regression | G22: P1 | H22: 1. Code phí đang chuyển là 'Định kỳ' cho 'KHCN' SPDV mới hỗ trợ 'Theo giao dịch' cho 'KHDN'. | I22: 1. Chọn nhóm code phí để chuyển. 2. Chọn SPDV mới không khớp thuộc tính. 3. Nhấn 'Xác nhận'. | J22: (i) Hệ thống tự động validate và chặn lưu. (ii) Hiển thị thông báo lỗi: 'SPDV mới không tương thích với bối cảnh của Code phí'. (iii) Không sinh tác vụ chuyển đổi. | K22: II.5.1.1.6 | L22: BR_07 | M22: COMPATIBILITY-CHECK | N22: Added after QA Review | U22: =IF(R22<>"", R22, O22)
A23: SPDV-XFER-DATA-INTEGRITY | B23: Chuyển đổi Code phí giữa SPDV | C23: Chuyển đổi Code phí | D23: Kiểm tra toàn vẹn dữ liệu sau khi chuyển sang SPDV mới | E23: Happy | F23: Regression | G23: P1 | H23: 1. Vừa phê duyệt chuyển đổi nhóm Code phí từ SPDV A sang B. | I23: 1. Vào chi tiết SPDV B -> Tìm Code phí vừa chuyển. 2. Mở chi tiết từng tab: Thông tin chung, Điều kiện, Quy tắc tính phí. 3. Đối soát với dữ liệu gốc tại Audit log. | J23: (i) Toàn bộ mức phí, %VAT, Segment (nếu có) được giữ nguyên 100%. (ii) Các tham số điều kiện tính phí không bị mất hoặc sai lệch. (iii) Hệ thống hiển thị đúng cấu trúc tại SPDV mới. | K23: II.5.1.1.6 | L23: Functional | M23: XFER-DATA-INTEGRITY | N23: Added after QA Review | U23: =IF(R23<>"", R23, O23)
A24: SPDV-XFER-SEC-01-ROLE | B24: Chuyển đổi Code phí giữa SPDV | C24: Chuyển đổi Code phí | D24: Phân quyền: Checker/Viewer không được phép nhấn 'Chuyển đổi' | E24: Security | F24: Regression | G24: P2 | H24: 1. Đăng nhập vai trò Checker/Viewer Đang ở màn hình Danh mục SPDV. | I24: 1. Tích chọn dòng Code phí. 2. Quan sát nút 'Chuyển đổi' trên Toolbar. | J24: (i) Nút 'Chuyển đổi' bị ẩn hoặc mờ (Disabled). (ii) Khi click chuột vào không có phản ứng hoặc báo lỗi không có quyền. | K24: II.5.1.1.6 | L24: Functional | M24: XFER-ROLE-BLOCK | N24: Added after QA Review | U24: =IF(R24<>"", R24, O24)
A25: SPDV-XFER-STATE-NEG-01 | B25: Chuyển đổi Code phí giữa SPDV | C25: Chuyển đổi Code phí | D25: Chặn chuyển đổi vào SPDV đích đang Pending hoặc Inactive | E25: Negative | F25: Regression | G25: P1 | H25: 1. SPDV B đang ở trạng thái 'Chờ duyệt' (Pending) hoặc 'Đã đóng'. | I25: 1. Chọn code phí cần chuyển. 2. Tại popup, tìm chọn SPDV B. 3. Nhấn 'Xác nhận'. | J25: (i) Popup không hiển thị SPDV B trong danh sách tìm kiếm hoặc hiển thị nhưng báo lỗi khi chọn. (ii) Chặn hoàn toàn việc chuyển đổi vào SPDV chưa có hiệu lực chính thức. | K25: II.5.1.1.6 | L25: Functional | M25: XFER-TARGET-STATE-INVALID | N25: Added after QA Review | U25: =IF(R25<>"", R25, O25)
A26: PR01-CD-BR05-NEW-001 | B26: PR01 | C26: Chuyển đổi Code phí | D26: [v0.9-NEW] Chuyển nhiều code phí (≥2) cùng lúc từ 1 SPDV sang SPDV khác | E26: Happy | F26: Smoke | G26: P1 | H26: Có ≥2 code phí thuộc cùng 1 SPDV cấp cuối, Biểu phí nguồn ở trạng thái 'Hết hiệu lực'. | I26: 1. Chọn ≥2 code phí từ cùng SPDV cấp cuối. 2. Chọn SPDV cấp cuối đích (khác SPDV nguồn). 3. Nhấn 'Xác nhận'. 4. Checker phê duyệt. | J26: (i) Logic: Hệ thống cho phép chọn nhiều code phí (không giới hạn 1 nhóm) thuộc cùng 1 SPDV cấp cuối cũ. (ii) Sau duyệt: Tất cả các code phí đã chọn xuất hiện đúng tại SPDV cấp cuối mới. (iii) SPDV cấp cuối cũ không còn chứa các code phí vừa chuyển. | K26: II.5.1.1 – BR_05 | L26: BR_05 | M26: BR05-MULTI-NEW-001 | N26: [v0.9-NEW] BR_05 đổi từ 'một nhóm' → 'nhiều code phí'
A27: PR01-CD-BR05-NEG-NEW-001 | B27: PR01 | C27: Chuyển đổi Code phí | D27: [v0.9-NEW] Chuyển code phí từ 2 SPDV cấp cuối khác nhau → hệ thống chặn | E27: Negative | F27: Regression | G27: P1 | H27: Có code phí A thuộc SPDV1, code phí B thuộc SPDV2. | I27: 1. Chọn code phí A (SPDV1) và code phí B (SPDV2) cùng lúc. 2. Nhấn 'Xác nhận'. | J27: (i) Logic: Hệ thống chặn – báo lỗi 'Chỉ được chọn code phí thuộc cùng 1 SPDV cấp cuối'. (ii) UI: Hiển thị thông báo lỗi rõ ràng. (iii) Không tạo bản ghi chuyển đổi. | K27: II.5.1.1 – BR_05 | L27: BR_05 | M27: BR05-NEG-DIFF-SPDV-001 | N27: [v0.9-NEW] Negative case: code phí từ 2 SPDV khác nhau

Sheet II.5.1.2
A1: TEST CASES — II.5.1.2. PR.02- Công thức tính phí
A2: TC_ID | B2: Module | C2: Feature | D2: Title | E2: Type | F2: Category | G2: Priority | H2: Precondition | I2: Steps | J2: (i) Nghiệp vụ/Logic: Title thành công theo quy trình của [BR_Ref]. (ii) Dữ liệu: Ghi nhận thông tin vào Database chính xác, đầy đủ các trường. (iii) Trạng thái: Bản ghi được chuyển sang 'Chờ duyệt'. | K2: URD_Ref | L2: BR_Ref | M2: Trace_ID | N2: Note | O2: Status R1 | P2: Tester R1 | Q2: Date R1 | R2: Status R2 | S2: Tester R2 | T2: Date R2 | U2: Final Status
A3: PR02-BR_01-HAP-001 | B3: PR.02 | C3: BR-based: Bắt buộc trường (*) trước khi 'Xác nhận' | D3: Kiểm tra thành công: Luồng Bắt buộc trường (*) trước khi 'Xác nhận' | E3: Happy | F3: Smoke | G3: P1 | H3: 1. Đăng nhập Maker mở màn PR 02 'Công thức tính phí' có quyền tạo/sửa ngày hệ thống=T dữ liệu nền có ≥1 công thức đã duyệt. | I3: 1) Nhấn 'Thêm mới' 2) Nhập Tên/Mã 3) Thêm 1 cấu phần 'Số cố định' 4) Nhấn 'Xác nhận' | J3: (i) Nghiệp vụ/Logic: Thông tin được xử lý thành công và lưu trữ toàn vẹn dữ liệu. (ii) UI: Thông báo 'Thao tác thành công'. (iii) Trạng thái: 'Chờ duyệt' (Maker tạo mới). | K3: II.5.1.2 | L3: BR_01 | M3: BR_01-TC | U3: =IF(R3<>"", R3, O3)
A4: PR02-BR_01-NEG-002 | B4: PR.02 | C4: BR-based: Bắt buộc trường (*) trước khi 'Xác nhận' | D4: Kiểm tra lỗi: Chặn và báo lỗi khi Bắt buộc trường (*) trước khi 'Xác nhận' | E4: Negative | F4: Smoke | G4: P1 | H4: 1. Đăng nhập Maker mở màn PR 02 'Công thức tính phí' có quyền tạo/sửa ngày hệ thống=T dữ liệu nền có ≥1 công thức đã duyệt. | I4: 1. Đăng nhập hệ thống với vai trò Maker. 2. Điều hướng đến màn hình 'BR-based: Bắt buộc trường (*) trước khi 'Xác nhận''. 3. Thực hiện thao tác cụ thể: 1) Nhấn 'Thêm mới' 2) Biến thể gộp: 2a) Thiếu Tên; 2b) Thiếu Mã; 2c) Không thêm cấu phần 3) 'Xác nhận' 4. Nhấn nút 'Xác nhận' hoặc 'Hoàn tất' (tùy màn hình). 5. Kiểm tra thông báo hiển thị trên giao diện. 6. Kiểm tra trạng thái bản ghi tại 'Tác vụ chờ duyệt' (nếu là Happy path). | J4: (i) Nghiệp vụ/Logic: Hệ thống thực hiện kiểm tra và chặn dữ liệu/thao tác không hợp lệ. (ii) UI: Hiển thị đúng thông báo lỗi (Error message) theo quy tắc của trường dữ liệu/BR. (iii) Trạng thái: Không thay đổi dữ liệu gốc, không tạo bản ghi nháp. | K4: II.5.1.2 | L4: BR_01 | M4: BR_01-TC | N4: MERGE thiếu Tên/Mã/Cấu phần | U4: =IF(R4<>"", R4, O4)
A5: PR02-BR_01-BOU-003 | B5: PR.02 | C5: BR-based: Bắt buộc trường (*) trước khi 'Xác nhận' | D5: Kiểm tra biên: Xác minh giới hạn của Bắt buộc trường (*) trước khi 'Xác nhận' | E5: Boundary | F5: Regression | G5: P3 | H5: 1. Đăng nhập Maker mở màn PR 02 'Công thức tính phí' có quyền tạo/sửa ngày hệ thống=T dữ liệu nền có ≥1 công thức đã duyệt. | I5: 1) Nhập Tên chứa Unicode & khoảng trắng đầu/cuối 2) Nhập Mã ở độ dài biên (giả định max) 3) Thêm cấu phần hợp lệ 4) 'Xác nhận' | J5: (i) Nghiệp vụ/Logic: Hệ thống xử lý đúng quy định tại giá trị biên (Min/Max/Limit). (ii) UI: Hiển thị thông báo hoặc trạng thái tương ứng. (iii) Trạng thái: Lưu hoặc Chặn tùy quy định. | K5: II.5.1.2 | L5: BR_01 | M5: BR_01-TC | U5: =IF(R5<>"", R5, O5)
A6: PR02-BR_02-HAP-004 | B6: PR.02 | C6: BR-based: 'Đóng' không lưu | D6: Kiểm tra nút Đóng: Đảm bảo không lưu dữ liệu và thoát form | E6: Happy | F6: Regression | G6: P2 | H6: 1. Đăng nhập Maker mở màn PR 02 'Công thức tính phí' có quyền tạo/sửa ngày hệ thống=T dữ liệu nền có ≥1 công thức đã duyệt. | I6: 1) Mở form 'Thêm mới' 2) Nhập hợp lệ 3) Nhấn 'Đóng' 4) Mở OT.01 & lưới | J6: (i) Nghiệp vụ/Logic: Hệ thống không lưu thông tin đã nhập. (ii) UI: Đóng form quay về màn trước. (iii) Trạng thái: Không tạo bản ghi chờ duyệt. | K6: II.5.1.2 | L6: BR_02 | M6: BR_02-TC | U6: =IF(R6<>"", R6, O6)
A7: PR02-BR_02-NEG-005 | B7: PR.02 | C7: BR-based: 'Đóng' không lưu | D7: Kiểm tra nút Đóng: Đảm bảo không lưu dữ liệu và thoát form | E7: Negative | F7: Regression | G7: P3 | H7: 1. Đăng nhập Maker mở màn PR 02 'Công thức tính phí' có quyền tạo/sửa ngày hệ thống=T dữ liệu nền có ≥1 công thức đã duyệt. | I7: 1. Đăng nhập hệ thống với vai trò Maker. 2. Điều hướng đến màn hình 'BR-based: 'Đóng' không lưu'. 3. Thực hiện thao tác cụ thể: 1) Nhập dữ liệu 2) Refresh/đóng tab trước khi 'Xác nhận' 3) Mở lại màn 4. Nhấn nút 'Xác nhận' hoặc 'Hoàn tất' (tùy màn hình). 5. Kiểm tra thông báo hiển thị trên giao diện. 6. Kiểm tra trạng thái bản ghi tại 'Tác vụ chờ duyệt' (nếu là Happy path). | J7: (i) Nghiệp vụ/Logic: Hệ thống không lưu thông tin đã nhập. (ii) UI: Đóng form quay về màn trước. (iii) Trạng thái: Không tạo bản ghi chờ duyệt. | K7: II.5.1.2 | L7: BR_02 | M7: BR_02-TC | U7: =IF(R7<>"", R7, O7)
A8: PR02-BR_03-NEG-006 | B8: PR.02 | C8: BR-based: Tên/Mã công thức duy nhất | D8: Kiểm tra lỗi: Chặn và báo lỗi khi Tên/Mã công thức duy nhất | E8: Negative | F8: Regression | G8: P2 | H8: 1. Đăng nhập Maker mở màn PR 02 'Công thức tính phí' có quyền tạo/sửa ngày hệ thống=T dữ liệu nền có ≥1 công thức đã duyệt. | I8: 1. Đăng nhập hệ thống với vai trò Maker. 2. Điều hướng đến màn hình 'BR-based: Tên/Mã công thức duy nhất'. 3. Thực hiện thao tác cụ thể: 1) 'Thêm mới' công thức có Tên/Mã = 'CF_EXIST' đã tồn tại 2) 'Xác nhận' 4. Nhấn nút 'Xác nhận' hoặc 'Hoàn tất' (tùy màn hình). 5. Kiểm tra thông báo hiển thị trên giao diện. 6. Kiểm tra trạng thái bản ghi tại 'Tác vụ chờ duyệt' (nếu là Happy path). | J8: (i) Nghiệp vụ/Logic: Hệ thống thực hiện kiểm tra và chặn dữ liệu/thao tác không hợp lệ. (ii) UI: Hiển thị đúng thông báo lỗi (Error message) theo quy tắc của trường dữ liệu/BR. (iii) Trạng thái: Không thay đổi dữ liệu gốc, không tạo bản ghi nháp. | K8: II.5.1.2 | L8: BR_03 | M8: BR_03-TC | U8: =IF(R8<>"", R8, O8)
A9: PR02-BR_03-BOU-007 | B9: PR.02 | C9: BR-based: Tên/Mã công thức duy nhất | D9: Kiểm tra biên: Xác minh giới hạn của Tên/Mã công thức duy nhất | E9: Boundary | F9: Regression | G9: P3 | H9: 1. Đăng nhập Maker mở màn PR 02 'Công thức tính phí' có quyền tạo/sửa ngày hệ thống=T dữ liệu nền có ≥1 công thức đã duyệt. | I9: 1. Đăng nhập hệ thống với vai trò Maker. 2. Điều hướng đến màn hình 'BR-based: Tên/Mã công thức duy nhất'. 3. Thực hiện thao tác cụ thể: 1) Nhập Tên/Mã với khác biệt hoa-thường/khoảng trắng 2) 'Xác nhận' 4. Nhấn nút 'Xác nhận' hoặc 'Hoàn tất' (tùy màn hình). 5. Kiểm tra thông báo hiển thị trên giao diện. 6. Kiểm tra trạng thái bản ghi tại 'Tác vụ chờ duyệt' (nếu là Happy path). | J9: (i) Nghiệp vụ/Logic: Hệ thống xử lý đúng quy định tại giá trị biên (Min/Max/Limit). (ii) UI: Hiển thị thông báo hoặc trạng thái tương ứng. (iii) Trạng thái: Lưu hoặc Chặn tùy quy định. | K9: II.5.1.2 | L9: BR_03 | M9: BR_03-TC | U9: =IF(R9<>"", R9, O9)
A10: PR02-BR_03-INT-008 | B10: PR.02 | C10: BR-based: Tên/Mã công thức duy nhất | D10: BR_03 Integration: Tên/Mã công thức duy nhất | E10: Integration | F10: Regression | G10: P2 | H10: 1. Đăng nhập Maker mở màn PR 02 'Công thức tính phí' có quyền tạo/sửa ngày hệ thống=T dữ liệu nền có ≥1 công thức đã duyệt. | I10: 1. Đăng nhập hệ thống với vai trò Maker. 2. Điều hướng đến màn hình 'BR-based: Tên/Mã công thức duy nhất'. 3. Thực hiện thao tác cụ thể: 1) Hai user mở form đồng thời 2) Cùng 'Xác nhận' với cùng Tên/Mã 4. Nhấn nút 'Xác nhận' hoặc 'Hoàn tất' (tùy màn hình). 5. Kiểm tra thông báo hiển thị trên giao diện. 6. Kiểm tra trạng thái bản ghi tại 'Tác vụ chờ duyệt' (nếu là Happy path). | J10: (i) Nghiệp vụ/Logic: Hệ thống kiểm tra tính duy nhất. Mã công thức và Tên công thức không được phép trùng với bất kỳ bản ghi nào khác trong hệ thống. (ii) UI (Toast/Popup/Grid): Thông báo lỗi bật lên: 'Tên hoặc Mã công thức đã tồn tại. Vui lòng kiểm tra và nhập lại'. (iii) Trạng thái/Audit log: Trạng thái bản ghi: 'Chờ duyệt' (Pending). Hệ thống ghi log hành động: 'Maker tạo mới công thức'. | K10: II.5.1.2 | L10: BR_03 | M10: BR_03-TC | U10: =IF(R10<>"", R10, O10)
A11: PR02-BR_04-HAP-009 | B11: PR.02 | C11: BR-based: Tối đa 3 cấu phần, liên kết bằng '+' | D11: Kiểm tra thành công: Luồng Tối đa 3 cấu phần, liên kết bằng '+' | E11: Happy | F11: Regression | G11: P2 | H11: 1. Đăng nhập Maker mở màn PR 02 'Công thức tính phí' có quyền tạo/sửa ngày hệ thống=T dữ liệu nền có ≥1 công thức đã duyệt. | I11: 1. Đăng nhập hệ thống với vai trò Maker. 2. Điều hướng đến màn hình 'BR-based: Tối đa 3 cấu phần, liên kết bằng '+''. 3. Thực hiện thao tác cụ thể: 1) Thêm 3 cấu phần hợp lệ (Số cố định/Tỷ lệ*Giá trị/Đơn giá*Số lượng) 2) 'Xác nhận' 4. Nhấn nút 'Xác nhận' hoặc 'Hoàn tất' (tùy màn hình). 5. Kiểm tra thông báo hiển thị trên giao diện. 6. Kiểm tra trạng thái bản ghi tại 'Tác vụ chờ duyệt' (nếu là Happy path). | J11: (i) Nghiệp vụ/Logic: Thông tin được xử lý thành công và lưu trữ toàn vẹn dữ liệu. (ii) UI: Thông báo 'Thao tác thành công'. (iii) Trạng thái: 'Chờ duyệt' (Maker tạo mới). | K11: II.5.1.2 | L11: BR_04 | M11: BR_04-TC | U11: =IF(R11<>"", R11, O11)
A12: PR02-BR_04-NEG-010 | B12: PR.02 | C12: BR-based: Tối đa 3 cấu phần, liên kết bằng '+' | D12: Kiểm tra lỗi: Chặn và báo lỗi khi Tối đa 3 cấu phần, liên kết bằng '+' | E12: Negative | F12: Regression | G12: P2 | H12: 1. Đăng nhập Maker mở màn PR 02 'Công thức tính phí' có quyền tạo/sửa ngày hệ thống=T dữ liệu nền có ≥1 công thức đã duyệt. | I12: 1. Đăng nhập hệ thống với vai trò Maker. 2. Điều hướng đến màn hình 'BR-based: Tối đa 3 cấu phần, liên kết bằng '+''. 3. Thực hiện thao tác cụ thể: 1) Sau khi có 3 cấu phần 2) Thử thêm cấu phần thứ 4 4. Nhấn nút 'Xác nhận' hoặc 'Hoàn tất' (tùy màn hình). 5. Kiểm tra thông báo hiển thị trên giao diện. 6. Kiểm tra trạng thái bản ghi tại 'Tác vụ chờ duyệt' (nếu là Happy path). | J12: (i) Nghiệp vụ/Logic: Hệ thống thực hiện kiểm tra và chặn dữ liệu/thao tác không hợp lệ. (ii) UI: Hiển thị đúng thông báo lỗi (Error message) theo quy tắc của trường dữ liệu/BR. (iii) Trạng thái: Không thay đổi dữ liệu gốc, không tạo bản ghi nháp. | K12: II.5.1.2 | L12: BR_04 | M12: BR_04-TC | U12: =IF(R12<>"", R12, O12)
A13: PR02-BR_04-BOU-011 | B13: PR.02 | C13: BR-based: Tối đa 3 cấu phần, liên kết bằng '+' | D13: Kiểm tra biên: Xác minh giới hạn của Tối đa 3 cấu phần, liên kết bằng '+' | E13: Boundary | F13: Regression | G13: P3 | H13: 1. Đăng nhập Maker mở màn PR 02 'Công thức tính phí' có quyền tạo/sửa ngày hệ thống=T dữ liệu nền có ≥1 công thức đã duyệt. | I13: 1. Đăng nhập hệ thống với vai trò Maker. 2. Điều hướng đến màn hình 'BR-based: Tối đa 3 cấu phần, liên kết bằng '+''. 3. Thực hiện thao tác cụ thể: 1) Xoá nhanh một cấu phần rồi thêm lại nhiều lần 2) 'Xác nhận' 4. Nhấn nút 'Xác nhận' hoặc 'Hoàn tất' (tùy màn hình). 5. Kiểm tra thông báo hiển thị trên giao diện. 6. Kiểm tra trạng thái bản ghi tại 'Tác vụ chờ duyệt' (nếu là Happy path). | J13: (i) Nghiệp vụ/Logic: Hệ thống xử lý đúng quy định tại giá trị biên (Min/Max/Limit). (ii) UI: Hiển thị thông báo hoặc trạng thái tương ứng. (iii) Trạng thái: Lưu hoặc Chặn tùy quy định. | K13: II.5.1.2 | L13: BR_04 | M13: BR_04-TC | U13: =IF(R13<>"", R13, O13)
A14: PR02-BR_05-HAP-012 | B14: PR.02 | C14: BR-based: Danh sách 3 phương pháp cấu phần (Số cố định / Tỷ lệ*Giá trị / Đơn giá*Số lượng) | D14: Kiểm tra thành công: Luồng Danh sách 3 phương pháp cấu phần (Số cố định / Tỷ lệ*Giá trị / Đơn giá*Số lượng) | E14: Happy | F14: Regression | G14: P2 | H14: 1. Đăng nhập Maker mở màn PR 02 'Công thức tính phí' có quyền tạo/sửa ngày hệ thống=T dữ liệu nền có ≥1 công thức đã duyệt. | I14: 1. Đăng nhập hệ thống với vai trò Maker. 2. Điều hướng đến màn hình 'BR-based: Danh sách 3 phương pháp cấu phần (Số cố định / Tỷ lệ*Giá trị / Đơn giá*Số lượng)'. 3. Thực hiện thao tác cụ thể: 1) Với mỗi cấu phần, mở danh sách phương pháp 2) Chọn 1 trong 3 phương pháp hợp lệ và nhập tham số 4. Nhấn nút 'Xác nhận' hoặc 'Hoàn tất' (tùy màn hình). 5. Kiểm tra thông báo hiển thị trên giao diện. 6. Kiểm tra trạng thái bản ghi tại 'Tác vụ chờ duyệt' (nếu là Happy path). | J14: (i) Nghiệp vụ/Logic: Thông tin được xử lý thành công và lưu trữ toàn vẹn dữ liệu. (ii) UI: Thông báo 'Thao tác thành công'. (iii) Trạng thái: 'Chờ duyệt' (Maker tạo mới). | K14: II.5.1.2 | L14: BR_05 | M14: BR_05-TC | U14: =IF(R14<>"", R14, O14)
A15: PR02-BR_05-NEG-013 | B15: PR.02 | C15: BR-based: Danh sách 3 phương pháp cấu phần (Số cố định / Tỷ lệ*Giá trị / Đơn giá*Số lượng) | D15: Kiểm tra lỗi: Chặn và báo lỗi khi Danh sách 3 phương pháp cấu phần (Số cố định / Tỷ lệ*Giá trị / Đơn giá*Số lượng) | E15: Negative | F15: Regression | G15: P2 | H15: 1. Đăng nhập Maker mở màn PR 02 'Công thức tính phí' có quyền tạo/sửa ngày hệ thống=T dữ liệu nền có ≥1 công thức đã duyệt. | I15: 1. Đăng nhập hệ thống với vai trò Maker. 2. Điều hướng đến màn hình 'BR-based: Danh sách 3 phương pháp cấu phần (Số cố định / Tỷ lệ*Giá trị / Đơn giá*Số lượng)'. 3. Thực hiện thao tác cụ thể: 1) Thử chọn phương pháp không thuộc danh mục (qua DevTools/API) 2) 'Xác nhận' 4. Nhấn nút 'Xác nhận' hoặc 'Hoàn tất' (tùy màn hình). 5. Kiểm tra thông báo hiển thị trên giao diện. 6. Kiểm tra trạng thái bản ghi tại 'Tác vụ chờ duyệt' (nếu là Happy path). | J15: (i) Nghiệp vụ/Logic: Hệ thống thực hiện kiểm tra và chặn dữ liệu/thao tác không hợp lệ. (ii) UI: Hiển thị đúng thông báo lỗi (Error message) theo quy tắc của trường dữ liệu/BR. (iii) Trạng thái: Không thay đổi dữ liệu gốc, không tạo bản ghi nháp. | K15: II.5.1.2 | L15: BR_05 | M15: BR_05-TC | U15: =IF(R15<>"", R15, O15)
A16: PR02-BR_05-CAL-014 | B16: PR.02 | C16: BR-based: Danh sách 3 phương pháp cấu phần (Số cố định / Tỷ lệ*Giá trị / Đơn giá*Số lượng) | D16: BR_05 Calculation: Danh sách 3 phương pháp cấu phần (Số cố định / Tỷ lệ*Giá trị / Đơn giá*Số lượng) | E16: Calculation | F16: Regression | G16: P2 | H16: 1. Đăng nhập Maker mở màn PR 02 'Công thức tính phí' có quyền tạo/sửa ngày hệ thống=T dữ liệu nền có ≥1 công thức đã duyệt. | I16: 1. Đăng nhập hệ thống với vai trò Maker. 2. Điều hướng đến màn hình 'BR-based: Danh sách 3 phương pháp cấu phần (Số cố định / Tỷ lệ*Giá trị / Đơn giá*Số lượng)'. 3. Thực hiện thao tác cụ thể: 1) Tạo ví dụ: 30 USD + 0,2% * 1000 USD 2) Nhấn 'Tính' / Xem preview 4. Nhấn nút 'Xác nhận' hoặc 'Hoàn tất' (tùy màn hình). 5. Kiểm tra thông báo hiển thị trên giao diện. 6. Kiểm tra trạng thái bản ghi tại 'Tác vụ chờ duyệt' (nếu là Happy path). | J16: (i) Nghiệp vụ/Logic: Hệ thống cho phép cấu hình linh hoạt từ 1 đến tối đa 3 cấu phần. Các cấu phần được ghép lại bằng toán tử cộng (+). (ii) UI (Toast/Popup/Grid): Màn hình kiểm tra lại (Review) hiển thị biểu thức tổng hợp chính xác (ví dụ: A + B + C). (iii) Trạng thái/Audit log: Trạng thái bản ghi: 'Chờ duyệt' (Pending). Hệ thống ghi log hành động: 'Maker tạo mới công thức'. | K16: II.5.1.2 | L16: BR_05 | M16: BR_05-TC | U16: =IF(R16<>"", R16, O16)
... A24: PR02-BR_09-NEG-022 | B24: PR.02 | C24: BR-based: 'Người tạo' = username Maker | D24: Kiểm tra lỗi: Chặn và báo lỗi khi 'Người tạo' = username Maker | E24: Negative | F24: Regression | G24: P2 | H24: 1. Đăng nhập Maker mở màn PR 02 'Công thức tính phí' có quyền tạo/sửa ngày hệ thống=T dữ liệu nền có ≥1 công thức đã duyệt. | I24: 1. Đăng nhập hệ thống với vai trò Maker. 2. Điều hướng đến màn hình 'BR-based: 'Người tạo' = username Maker'. 3. Thực hiện thao tác cụ thể: 1) Đăng nhập Maker B 2) Tạo công thức 3) Kiểm tra 'Người tạo' 4. Nhấn nút 'Xác nhận' hoặc 'Hoàn tất' (tùy màn hình). 5. Kiểm tra thông báo hiển thị trên giao diện. 6. Kiểm tra trạng thái bản ghi tại 'Tác vụ chờ duyệt' (nếu là Happy path). | J24: (i) Nghiệp vụ/Logic: Hệ thống thực hiện kiểm tra và chặn dữ liệu/thao tác không hợp lệ. (ii) UI: Hiển thị đúng thông báo lỗi (Error message) theo quy tắc của trường dữ liệu/BR. (iii) Trạng thái: Không thay đổi dữ liệu gốc, không tạo bản ghi nháp. | K24: II.5.1.2 | L24: BR_09 | M24: BR_09-TC | U24: =IF(R24<>"", R24, O24)
A25: PR02-UI-01-HAP-001 | B25: PR.02 | C25: UI-FUNC.01 – Thêm mới | D25: Kiểm tra nút Đóng: Đảm bảo không lưu dữ liệu và thoát form | E25: Happy | F25: Smoke | G25: P1 | H25: 1. Đăng nhập Maker mở PR có ≥1 công thức đã duyệt để thao tác UI. | I25: 1. Đăng nhập hệ thống với vai trò Maker. 2. Điều hướng đến màn hình 'UI-FUNC.01 – Thêm mới'. 3. Thực hiện thao tác cụ thể: 1) Mở màn Công thức 2) Nhấn 'Thêm mới' 4. Nhấn nút 'Xác nhận' hoặc 'Hoàn tất' (tùy màn hình). 5. Kiểm tra thông báo hiển thị trên giao diện. 6. Kiểm tra trạng thái bản ghi tại 'Tác vụ chờ duyệt' (nếu là Happy path). | J25: (i) Nghiệp vụ/Logic: Hệ thống không lưu thông tin đã nhập. (ii) UI: Đóng form quay về màn trước. (iii) Trạng thái: Không tạo bản ghi chờ duyệt. | K25: II.5.1.2 | L25: UI-FUNC.01 | M25: UI-ADD-NAV | N25: Note only: không lặp BR (mandatory/unique/3 cấu phần/audit/visibility). | U25: =IF(R25<>"", R25, O25)
A26: PR02-UI-01-BOU-002 | B26: PR.02 | C26: UI-FUNC.01 – Thêm mới | D26: Kiểm tra nút Đóng: Đảm bảo không lưu dữ liệu và thoát form | E26: Boundary | F26: Regression | G26: P3 | H26: 1. Đăng nhập Maker mở PR có ≥1 công thức đã duyệt để thao tác UI. | I26: 1. Đăng nhập hệ thống với vai trò Maker. 2. Điều hướng đến màn hình 'UI-FUNC.01 – Thêm mới'. 3. Thực hiện thao tác cụ thể: 1) Nhập nháp một số trường 2) Nhấn 'Đóng' 3) Mở lại form 4. Nhấn nút 'Xác nhận' hoặc 'Hoàn tất' (tùy màn hình). 5. Kiểm tra thông báo hiển thị trên giao diện. 6. Kiểm tra trạng thái bản ghi tại 'Tác vụ chờ duyệt' (nếu là Happy path). | J26: (i) Nghiệp vụ/Logic: Hệ thống không lưu thông tin đã nhập. (ii) UI: Đóng form quay về màn trước. (iii) Trạng thái: Không tạo bản ghi chờ duyệt. | K26: II.5.1.2 | L26: UI-FUNC.01 | M26: UI-ADD-CLOSE | N26: Note only: không lặp BR (mandatory/unique/3 cấu phần/audit/visibility). | U26: =IF(R26<>"", R26, O26)
A27: PR02-UI-01-NEG-003 | B27: PR.02 | C27: UI-FUNC.01 – Thêm mới | D27: Kiểm tra nút Đóng: Đảm bảo không lưu dữ liệu và thoát form | E27: Negative | F27: Regression | G27: P2 | H27: 1. Đăng nhập Maker mở PR có ≥1 công thức đã duyệt để thao tác UI. | I27: 1. Đăng nhập hệ thống với vai trò Maker. 2. Điều hướng đến màn hình 'UI-FUNC.01 – Thêm mới'. 3. Thực hiện thao tác cụ thể: 1) User không có quyền Maker đăng nhập 2) Mở PR.02 4. Nhấn nút 'Xác nhận' hoặc 'Hoàn tất' (tùy màn hình). 5. Kiểm tra thông báo hiển thị trên giao diện. 6. Kiểm tra trạng thái bản ghi tại 'Tác vụ chờ duyệt' (nếu là Happy path). | J27: (i) Nghiệp vụ/Logic: Hệ thống không lưu thông tin đã nhập. (ii) UI: Đóng form quay về màn trước. (iii) Trạng thái: Không tạo bản ghi chờ duyệt. | K27: II.5.1.2 | L27: UI-FUNC.01 | M27: UI-ADD-PERM | N27: Note only: không lặp BR (mandatory/unique/3 cấu phần/audit/visibility). | U27: =IF(R27<>"", R27, O27)
A28: PR02-UI-01-INT-004 | B28: PR.02 | C28: UI-FUNC.01 – Thêm mới | D28: Kiểm tra nút Đóng: Đảm bảo không lưu dữ liệu và thoát form | E28: Integration | F28: Regression | G28: P2 | H28: 1. Đăng nhập Maker mở PR có ≥1 công thức đã duyệt để thao tác UI. | I28: 1. Đăng nhập hệ thống với vai trò Maker. 2. Điều hướng đến màn hình 'UI-FUNC.01 – Thêm mới'. 3. Thực hiện thao tác cụ thể: 1) Từ Code phí (PR. 01) chọn 'Gắn công thức' 2) Điều hướng về PR.02 form tạo (deep-link) 4. Nhấn nút 'Xác nhận' hoặc 'Hoàn tất' (tùy màn hình). 5. Kiểm tra thông báo hiển thị trên giao diện. 6. Kiểm tra trạng thái bản ghi tại 'Tác vụ chờ duyệt' (nếu là Happy path). | J28: (i) Nghiệp vụ/Logic: Hệ thống không lưu thông tin đã nhập. (ii) UI: Đóng form quay về màn trước. (iii) Trạng thái: Không tạo bản ghi chờ duyệt. | K28: II.5.1.2 | L28: UI-FUNC.01 | M28: UI-ADD-DEEPLINK | N28: Note only: không lặp BR (mandatory/unique/3 cấu phần/audit/visibility). | U28: =IF(R28<>"", R28, O28)
A29: PR02-UI-02-HAP-001 | B29: PR.02 | C29: UI-FUNC.02 – Xem | D29: Kiểm tra thành công: Luồng Modal/Panel read-only; paging/scroll | E29: Happy | F29: Regression | G29: P2 | H29: 1. Đăng nhập Maker mở PR có ≥1 công thức đã duyệt để thao tác UI. | I29: 1. Đăng nhập hệ thống với vai trò Maker. 2. Điều hướng đến màn hình 'UI-FUNC.02 – Xem'. 3. Thực hiện thao tác cụ thể: 1) Chọn 1 công thức đã duyệt 2) Nhấn 'Xem' 4. Nhấn nút 'Xác nhận' hoặc 'Hoàn tất' (tùy màn hình). 5. Kiểm tra thông báo hiển thị trên giao diện. 6. Kiểm tra trạng thái bản ghi tại 'Tác vụ chờ duyệt' (nếu là Happy path). | J29: (i) Nghiệp vụ/Logic: Thông tin được xử lý thành công và lưu trữ toàn vẹn dữ liệu. (ii) UI: Thông báo 'Thao tác thành công'. (iii) Trạng thái: 'Chờ duyệt' (Maker tạo mới). | K29: II.5.1.2 | L29: UI-FUNC.02 | M29: UI-VIEW | N29: Note only: không lặp BR (mandatory/unique/3 cấu phần/audit/visibility). | U29: =IF(R29<>"", R29, O29)
A30: PR02-UI-02-BOU-002 | B30: PR.02 | C30: UI-FUNC.02 – Xem | D30: Kiểm tra biên: Xác minh giới hạn của Modal/Panel read-only; paging/scroll | E30: Boundary | F30: Regression | G30: P3 | H30: 1. Đăng nhập Maker mở PR có ≥1 công thức đã duyệt để thao tác UI. | I30: 1. Đăng nhập hệ thống với vai trò Maker. 2. Điều hướng đến màn hình 'UI-FUNC.02 – Xem'. 3. Thực hiện thao tác cụ thể: 1) Lưới >50 bản ghi 2) Cuộn/paginate rồi chọn 'Xem' 4. Nhấn nút 'Xác nhận' hoặc 'Hoàn tất' (tùy màn hình). 5. Kiểm tra thông báo hiển thị trên giao diện. 6. Kiểm tra trạng thái bản ghi tại 'Tác vụ chờ duyệt' (nếu là Happy path). | J30: (i) Nghiệp vụ/Logic: Hệ thống xử lý đúng quy định tại giá trị biên (Min/Max/Limit). (ii) UI: Hiển thị thông báo hoặc trạng thái tương ứng. (iii) Trạng thái: Lưu hoặc Chặn tùy quy định. | K30: II.5.1.2 | L30: UI-FUNC.02 | M30: UI-VIEW-PAGING | N30: Note only: không lặp BR (mandatory/unique/3 cấu phần/audit/visibility). | U30: =IF(R30<>"", R30, O30)
A31: PR02-UI-02-NEG-003 | B31: PR.02 | C31: UI-FUNC.02 – Xem | D31: Kiểm tra lỗi: Chặn và báo lỗi khi Modal/Panel read-only; paging/scroll | E31: Negative | F31: Regression | G31: P3 | H31: 1. Đăng nhập Maker mở PR có ≥1 công thức đã duyệt để thao tác UI. | I31: 1. Đăng nhập hệ thống với vai trò Maker. 2. Điều hướng đến màn hình 'UI-FUNC.02 – Xem'. 3. Thực hiện thao tác cụ thể: 1) Không chọn bản ghi nào 2) Nhấn 'Xem' 4. Nhấn nút 'Xác nhận' hoặc 'Hoàn tất' (tùy màn hình). 5. Kiểm tra thông báo hiển thị trên giao diện. 6. Kiểm tra trạng thái bản ghi tại 'Tác vụ chờ duyệt' (nếu là Happy path). | J31: (i) Nghiệp vụ/Logic: Hệ thống thực hiện kiểm tra và chặn dữ liệu/thao tác không hợp lệ. (ii) UI: Hiển thị đúng thông báo lỗi (Error message) theo quy tắc của trường dữ liệu/BR. (iii) Trạng thái: Không thay đổi dữ liệu gốc, không tạo bản ghi nháp. | K31: II.5.1.2 | L31: UI-FUNC.02 | M31: UI-VIEW-NOSEL | N31: Note only: không lặp BR (mandatory/unique/3 cấu phần/audit/visibility). | U31: =IF(R31<>"", R31, O31)
A32: PR02-UI-02-SEC-004 | B32: PR.02 | C32: UI-FUNC.02 – Xem | D32: UI: Modal/Panel read-only; paging/scroll | E32: Security | F32: Regression | G32: P2 | H32: 1. Đăng nhập Maker mở PR có ≥1 công thức đã duyệt để thao tác UI. | I32: 1. Đăng nhập hệ thống với vai trò Maker. 2. Điều hướng đến màn hình 'UI-FUNC.02 – Xem'. 3. Thực hiện thao tác cụ thể: 1) Gọi trực tiếp URL xem chi tiết với ID không thuộc phân quyền 2) Truy cập 4. Nhấn nút 'Xác nhận' hoặc 'Hoàn tất' (tùy màn hình). 5. Kiểm tra thông báo hiển thị trên giao diện. 6. Kiểm tra trạng thái bản ghi tại 'Tác vụ chờ duyệt' (nếu là Happy path). | J32: (i) Nghiệp vụ/Logic: Thông tin được hệ thống xử lý đúng quy trình và lưu trữ toàn vẹn dữ liệu. (ii) UI (Toast/Popup/Grid): Giao diện cập nhật trạng thái phản hồi tương ứng với thao tác của khách hàng. (iii) Trạng thái/Audit log: Trạng thái bản ghi: 'Chờ duyệt' (Pending). Hệ thống ghi log hành động: 'Maker tạo mới công thức'. | K32: II.5.1.2 | L32: UI-FUNC.02 | M32: UI-VIEW-AUTHZ | N32: Note only: không lặp BR (mandatory/unique/3 cấu phần/audit/visibility). | U32: =IF(R32<>"", R32, O32)
A33: PR02-UI-03-HAP-001 | B33: PR.02 | C33: UI-FUNC.03 – Sửa | D33: Kiểm tra thành công: Luồng Vào form Edit; gửi qua OT.01 (Note); không test BR logic | E33: Happy | F33: Regression | G33: P2 | H33: 1. Đăng nhập Maker mở PR có ≥1 công thức đã duyệt để thao tác UI. | I33: 1. Đăng nhập hệ thống với vai trò Maker. 2. Điều hướng đến màn hình 'UI-FUNC.03 – Sửa'. 3. Thực hiện thao tác cụ thể: 1) Chọn công thức đã duyệt 2) Nhấn 'Sửa' 4. Nhấn nút 'Xác nhận' hoặc 'Hoàn tất' (tùy màn hình). 5. Kiểm tra thông báo hiển thị trên giao diện. 6. Kiểm tra trạng thái bản ghi tại 'Tác vụ chờ duyệt' (nếu là Happy path). | J33: (i) Nghiệp vụ/Logic: Thông tin được xử lý thành công và lưu trữ toàn vẹn dữ liệu. (ii) UI: Thông báo 'Thao tác thành công'. (iii) Trạng thái: 'Chờ duyệt' (Maker tạo mới). | K33: II.5.1.2 | L33: UI-FUNC.03 | M33: UI-EDIT | N33: Note only: không lặp BR (mandatory/unique/3 cấu phần/audit/visibility). | U33: =IF(R33<>"", R33, O33)
A34: PR02-UI-03-INT-002 | B34: PR.02 | C34: UI-FUNC.03 – Sửa | D34: UI: Vào form Edit; gửi qua OT.01 (Note); không test BR logic | E34: Integration | F34: Regression | G34: P2 | H34: 1. Đăng nhập Maker mở PR có ≥1 công thức đã duyệt để thao tác UI. | I34: 1. Đăng nhập hệ thống với vai trò Maker. 2. Điều hướng đến màn hình 'UI-FUNC.03 – Sửa'. 3. Thực hiện thao tác cụ thể: 1) Sửa mô tả 2) 'Lưu' 4. Nhấn nút 'Xác nhận' hoặc 'Hoàn tất' (tùy màn hình). 5. Kiểm tra thông báo hiển thị trên giao diện. 6. Kiểm tra trạng thái bản ghi tại 'Tác vụ chờ duyệt' (nếu là Happy path). | J34: (i) Nghiệp vụ/Logic: Thông tin được hệ thống xử lý đúng quy trình và lưu trữ toàn vẹn dữ liệu. (ii) UI (Toast/Popup/Grid): Giao diện cập nhật trạng thái phản hồi tương ứng với thao tác của khách hàng. (iii) Trạng thái/Audit log: Trạng thái bản ghi: 'Chờ duyệt' (Pending). Hệ thống ghi log hành động: 'Maker tạo mới công thức'. | K34: II.5.1.2 | L34: UI-FUNC.03 | M34: UI-EDIT-OT01 | N34: Note only: không lặp BR (mandatory/unique/3 cấu phần/audit/visibility). | U34: =IF(R34<>"", R34, O34)
A35: PR02-UI-03-NEG-003 | B35: PR.02 | C35: UI-FUNC.03 – Sửa | D35: Kiểm tra lỗi: Chặn và báo lỗi khi Vào form Edit; gửi qua OT.01 (Note); không test BR logic | E35: Negative | F35: Regression | G35: P2 | H35: 1. Đăng nhập Maker mở PR có ≥1 công thức đã duyệt để thao tác UI. | I35: 1. Đăng nhập hệ thống với vai trò Maker. 2. Điều hướng đến màn hình 'UI-FUNC.03 – Sửa'. 3. Thực hiện thao tác cụ thể: 1) Chọn bản ghi pending (Chờ duyệt) 2) Nhấn 'Sửa' 4. Nhấn nút 'Xác nhận' hoặc 'Hoàn tất' (tùy màn hình). 5. Kiểm tra thông báo hiển thị trên giao diện. 6. Kiểm tra trạng thái bản ghi tại 'Tác vụ chờ duyệt' (nếu là Happy path). | J35: (i) Nghiệp vụ/Logic: Hệ thống thực hiện kiểm tra và chặn dữ liệu/thao tác không hợp lệ. (ii) UI: Hiển thị đúng thông báo lỗi (Error message) theo quy tắc của trường dữ liệu/BR. (iii) Trạng thái: Không thay đổi dữ liệu gốc, không tạo bản ghi nháp. | K35: II.5.1.2 | L35: UI-FUNC.03 | M35: UI-EDIT-PENDING | N35: Note only: không lặp BR (mandatory/unique/3 cấu phần/audit/visibility). | U35: =IF(R35<>"", R35, O35)
A36: PR02-UI-03-BOU-004 | B36: PR.02 | C36: UI-FUNC.03 – Sửa | D36: Kiểm tra biên: Xác minh giới hạn của Vào form Edit; gửi qua OT.01 (Note); không test BR logic | E36: Boundary | F36: Regression | G36: P3 | H36: 1. Đăng nhập Maker mở PR có ≥1 công thức đã duyệt để thao tác UI. | I36: 1. Đăng nhập hệ thống với vai trò Maker. 2. Điều hướng đến màn hình 'UI-FUNC.03 – Sửa'. 3. Thực hiện thao tác cụ thể: 1) Sửa nhiều trường rồi nhấn 'Đóng' không lưu 2) Mở lại chi tiết 4. Nhấn nút 'Xác nhận' hoặc 'Hoàn tất' (tùy màn hình). 5. Kiểm tra thông báo hiển thị trên giao diện. 6. Kiểm tra trạng thái bản ghi tại 'Tác vụ chờ duyệt' (nếu là Happy path). | J36: (i) Nghiệp vụ/Logic: Hệ thống xử lý đúng quy định tại giá trị biên (Min/Max/Limit). (ii) UI: Hiển thị thông báo hoặc trạng thái tương ứng. (iii) Trạng thái: Lưu hoặc Chặn tùy quy định. | K36: II.5.1.2 | L36: UI-FUNC.03 | M36: UI-EDIT-CANCEL | N36: Note only: không lặp BR (mandatory/unique/3 cấu phần/audit/visibility). | U36: =IF(R36<>"", R36, O36)
... A44: PR02-UI-05-INT-004 | B44: PR.02 | C44: UI-FUNC.05 – Tải xuống | D44: UI: Export XLSX theo filter; encoding/cột; dataset lớn | E44: Integrity | F44: Regression | G44: P2 | H44: 1. Đăng nhập Maker mở PR có ≥1 công thức đã duyệt để thao tác UI. | I44: 1. Đăng nhập hệ thống với vai trò Maker. 2. Điều hướng đến màn hình 'UI-FUNC.05 – Tải xuống'. 3. Thực hiện thao tác cụ thể: 1) Mở file .xlsx tải về 2) Kiểm tra header/cột/encoding/độ sâu dữ liệu 4. Nhấn nút 'Xác nhận' hoặc 'Hoàn tất' (tùy màn hình). 5. Kiểm tra thông báo hiển thị trên giao diện. 6. Kiểm tra trạng thái bản ghi tại 'Tác vụ chờ duyệt' (nếu là Happy path). | J44: (i) Nghiệp vụ/Logic: Thông tin được hệ thống xử lý đúng quy trình và lưu trữ toàn vẹn dữ liệu. (ii) UI (Toast/Popup/Grid): Giao diện cập nhật trạng thái phản hồi tương ứng với thao tác của khách hàng. (iii) Trạng thái/Audit log: Trạng thái bản ghi: 'Chờ duyệt' (Pending). Hệ thống ghi log hành động: 'Maker tạo mới công thức'. | K44: II.5.1.2 | L44: UI-FUNC.05 | M44: UI-EXPORT-CHK | N44: Note only: không lặp BR (mandatory/unique/3 cấu phần/audit/visibility). | U44: =IF(R44<>"", R44, O44)
A45: Bổ sung công thức tính phí | I45: 1. Đăng nhập hệ thống với vai trò Maker. 2. Điều hướng đến màn hình 'nan'. 3. Thực hiện thao tác cụ thể: nan 4. Nhấn nút 'Xác nhận' hoặc 'Hoàn tất' (tùy màn hình). 5. Kiểm tra thông báo hiển thị trên giao diện. 6. Kiểm tra trạng thái bản ghi tại 'Tác vụ chờ duyệt' (nếu là Happy path). | J45: (i) Nghiệp vụ/Logic: Thông tin được hệ thống xử lý đúng quy trình và lưu trữ toàn vẹn dữ liệu. (ii) UI (Toast/Popup/Grid): Giao diện cập nhật trạng thái phản hồi tương ứng với thao tác của khách hàng. (iii) Trạng thái/Audit log: Trạng thái bản ghi: 'Chờ duyệt' (Pending). Hệ thống ghi log hành động: 'Maker tạo mới công thức'. | U45: =IF(R45<>"", R45, O45)
A46: FEE-CAL-FIX-HAPPY-001 | B46: FEE-CODE | C46: Công thức: Số cố định (Theo giao dịch) | D46: Tính phí cố định: Kiểm tra kết quả tính phí theo phân khúc khách hàng | E46: Calculation | F46: Smoke | G46: P1 | H46: 1. Code phí loại KHCN (có segment theo BR_06) Công thức 'Số cố định' đã được phê duyệt Mức phí: KH thường=10000, PVIP=5000, PV1=8000. | I46: 1. Đăng nhập hệ thống với vai trò Maker. 2. Điều hướng đến màn hình 'Công thức: Số cố định (Theo giao dịch)'. 3. Thực hiện thao tác cụ thể: Khởi tạo 3 giao dịch với KH thuộc các segment: KH thường, PVIP, PV Hệ thống lấy mức A theo segment. 3. Ghi nhận kết quả tính phí. 4. Nhấn nút 'Xác nhận' hoặc 'Hoàn tất' (tùy màn hình). 5. Kiểm tra thông báo hiển thị trên giao diện. 6. Kiểm tra trạng thái bản ghi tại 'Tác vụ chờ duyệt' (nếu là Happy path). | J46: (i) Nghiệp vụ/Logic: Hệ thống thực hiện phép tính cộng dồn các cấu phần theo đúng công thức đã cấu hình. (ii) UI (Toast/Popup/Grid): Giá trị phí tính toán được hiển thị rõ ràng trên màn hình giao dịch cho Maker kiểm tra. (iii) Trạng thái/Audit log: Trạng thái bản ghi: 'Chờ duyệt' (Pending). Hệ thống ghi log hành động: 'Maker tạo mới công thức'. | K46: URD.Formulae (Biểu phí & Màn hình khai báo) | L46: FORMULA_FIX | M46: CAL-FIX-SEGMENT | N46: Không kiểm lại BR_06; chỉ dùng segment để chạy công thức | U46: =IF(R46<>"", R46, O46)
A47: FEE-CAL-FIX-NEG-002 | B47: FEE-CODE | C47: Công thức: Số cố định | D47: Kiểm tra lỗi: Chặn và báo lỗi khi Chặn không cho phép nhập mức phí là số âm | E47: Negative | F47: Regression | G47: P2 | H47: 1. Form cấu hình công thức 'Số cố định'. | I47: 1. Đăng nhập hệ thống với vai trò Maker. 2. Điều hướng đến màn hình 'Công thức: Số cố định'. 3. Thực hiện thao tác cụ thể: Nhập A=- Lưu cấu hình. 4. Nhấn nút 'Xác nhận' hoặc 'Hoàn tất' (tùy màn hình). 5. Kiểm tra thông báo hiển thị trên giao diện. 6. Kiểm tra trạng thái bản ghi tại 'Tác vụ chờ duyệt' (nếu là Happy path). | J47: (i) Nghiệp vụ/Logic: Hệ thống thực hiện kiểm tra và chặn dữ liệu/thao tác không hợp lệ. (ii) UI: Hiển thị đúng thông báo lỗi (Error message) theo quy tắc của trường dữ liệu/BR. (iii) Trạng thái: Không thay đổi dữ liệu gốc, không tạo bản ghi nháp. | K47: URD.Formulae (Biểu phí & Màn hình khai báo) | L47: FORMULA_FIX | M47: CAL-FIX-A-NEG | N47: ĐÃ COVER nguyên tắc >=0 tại BR_17, nhưng TC này kiểm ngay tại cấu hình công thức | U47: =IF(R47<>"", R47, O47)
A48: FEE-CAL-FIX-BOUND-003 | B48: FEE-CODE | C48: Công thức: Số cố định | D48: Kiểm tra biên: Xác minh giới hạn của A=0 -> miễn phí | E48: Boundary | F48: Regression | G48: P3 | H48: 1. Form cấu hình A=0. | I48: 1. Đăng nhập hệ thống với vai trò Maker. 2. Điều hướng đến màn hình 'Công thức: Số cố định'. 3. Thực hiện thao tác cụ thể: Thực hiện giao dịch bất kỳ. Quan sát phí tính ra. 4. Nhấn nút 'Xác nhận' hoặc 'Hoàn tất' (tùy màn hình). 5. Kiểm tra thông báo hiển thị trên giao diện. 6. Kiểm tra trạng thái bản ghi tại 'Tác vụ chờ duyệt' (nếu là Happy path). | J48: (i) Nghiệp vụ/Logic: Hệ thống xử lý đúng quy định tại giá trị biên (Min/Max/Limit). (ii) UI: Hiển thị thông báo hoặc trạng thái tương ứng. (iii) Trạng thái: Lưu hoặc Chặn tùy quy định. | K48: URD.Formulae (Biểu phí & Màn hình khai báo) | L48: FORMULA_FIX | M48: CAL-FIX-A-0 | U48: =IF(R48<>"", R48, O48)
A49: FEE-CAL-RATE-HAPPY-004 | B49: FEE-CODE | C49: Công thức: Tỷ lệ * Giá trị | D49: Tính phí tỷ lệ: Kiểm tra kết quả tính phí % trên giá trị giao dịch | E49: Calculation | F49: Smoke | G49: P1 | H49: 1. Công thức 'Tỷ lệ*Giá trị' đã phê duyệt r=0 V=1,000,000. | I49: 1. Đăng nhập hệ thống với vai trò Maker. 2. Điều hướng đến màn hình 'Công thức: Tỷ lệ * Giá trị'. 3. Thực hiện thao tác cụ thể: Thực hiện giao dịch có V=1,000, 000. Tính phí theo công thức. 4. Nhấn nút 'Xác nhận' hoặc 'Hoàn tất' (tùy màn hình). 5. Kiểm tra thông báo hiển thị trên giao diện. 6. Kiểm tra trạng thái bản ghi tại 'Tác vụ chờ duyệt' (nếu là Happy path). | J49: (i) Nghiệp vụ/Logic: Hệ thống thực hiện phép tính cộng dồn các cấu phần theo đúng công thức đã cấu hình. (ii) UI (Toast/Popup/Grid): Giá trị phí tính toán được hiển thị rõ ràng trên màn hình giao dịch cho Maker kiểm tra. (iii) Trạng thái/Audit log: Trạng thái bản ghi: 'Chờ duyệt' (Pending). Hệ thống ghi log hành động: 'Maker tạo mới công thức'. | K49: URD.Formulae (Biểu phí & Màn hình khai báo) | L49: FORMULA_RATE | M49: CAL-RATE-BASIC | U49: =IF(R49<>"", R49, O49)
A50: FEE-CAL-RATE-BOUND-005 | B50: FEE-CODE | C50: Công thức: Tỷ lệ * Giá trị | D50: Kiểm tra biên: Xác minh giới hạn của r=0 hoặc V=0 | E50: Boundary | F50: Regression | G50: P2 | H50: 1. Công thức đã cấu hình. | I50: 1. Đăng nhập hệ thống với vai trò Maker. 2. Điều hướng đến màn hình 'Công thức: Tỷ lệ * Giá trị'. 3. Thực hiện thao tác cụ thể: Case r=0, V> 0. Case V=0, r> 0. 4. Nhấn nút 'Xác nhận' hoặc 'Hoàn tất' (tùy màn hình). 5. Kiểm tra thông báo hiển thị trên giao diện. 6. Kiểm tra trạng thái bản ghi tại 'Tác vụ chờ duyệt' (nếu là Happy path). | J50: (i) Nghiệp vụ/Logic: Hệ thống xử lý đúng quy định tại giá trị biên (Min/Max/Limit). (ii) UI: Hiển thị thông báo hoặc trạng thái tương ứng. (iii) Trạng thái: Lưu hoặc Chặn tùy quy định. | K50: URD.Formulae (Biểu phí & Màn hình khai báo) | L50: FORMULA_RATE | M50: CAL-RATE-ZEROES | U50: =IF(R50<>"", R50, O50)
A51: FEE-CAL-RATE-NEG-006 | B51: FEE-CODE | C51: Công thức: Tỷ lệ * Giá trị | D51: Kiểm tra lỗi: Chặn và báo lỗi khi Chặn nhập r<0 hoặc V<0 | E51: Negative | F51: Regression | G51: P2 | H51: 1. Form cấu hình công thức. | I51: 1. Đăng nhập hệ thống với vai trò Maker. 2. Điều hướng đến màn hình 'Công thức: Tỷ lệ * Giá trị'. 3. Thực hiện thao tác cụ thể: Nhập r=- 0.001 hoặc V âm. Lưu. 4. Nhấn nút 'Xác nhận' hoặc 'Hoàn tất' (tùy màn hình). 5. Kiểm tra thông báo hiển thị trên giao diện. 6. Kiểm tra trạng thái bản ghi tại 'Tác vụ chờ duyệt' (nếu là Happy path). | J51: (i) Nghiệp vụ/Logic: Hệ thống thực hiện kiểm tra và chặn dữ liệu/thao tác không hợp lệ. (ii) UI: Hiển thị đúng thông báo lỗi (Error message) theo quy tắc của trường dữ liệu/BR. (iii) Trạng thái: Không thay đổi dữ liệu gốc, không tạo bản ghi nháp. | K51: URD.Formulae (Biểu phí & Màn hình khai báo) | L51: FORMULA_RATE | M51: CAL-RATE-NEG | U51: =IF(R51<>"", R51, O51)
A52: FEE-CAL-UQ-HAPPY-007 | B52: FEE-CODE | C52: Công thức: Đơn giá * Số lượng | D52: Tính phí theo đơn vị: Kiểm tra kết quả tính phí theo Đơn giá * Số lượng | E52: Calculation | F52: Smoke | G52: P1 | H52: 1. Công thức đã phê duyệt u=2000 Q=15. | I52: 1. Đăng nhập hệ thống với vai trò Maker. 2. Điều hướng đến màn hình 'Công thức: Đơn giá * Số lượng'. 3. Thực hiện thao tác cụ thể: Thực hiện tính phí với Q= 15. Xem kết quả. 4. Nhấn nút 'Xác nhận' hoặc 'Hoàn tất' (tùy màn hình). 5. Kiểm tra thông báo hiển thị trên giao diện. 6. Kiểm tra trạng thái bản ghi tại 'Tác vụ chờ duyệt' (nếu là Happy path). | J52: (i) Nghiệp vụ/Logic: Hệ thống thực hiện phép tính cộng dồn các cấu phần theo đúng công thức đã cấu hình. (ii) UI (Toast/Popup/Grid): Giá trị phí tính toán được hiển thị rõ ràng trên màn hình giao dịch cho Maker kiểm tra. (iii) Trạng thái/Audit log: Trạng thái bản ghi: 'Chờ duyệt' (Pending). Hệ thống ghi log hành động: 'Maker tạo mới công thức'. | K52: URD.Formulae (Biểu phí & Màn hình khai báo) | L52: FORMULA_UQ | M52: CAL-UQ-BASIC | U52: =IF(R52<>"", R52, O52)
A53: FEE-CAL-UQ-BOUND-008 | B53: FEE-CODE | C53: Công thức: Đơn giá * Số lượng | D53: Kiểm tra biên: Xác minh giới hạn của Q=0 | E53: Boundary | F53: Regression | G53: P2 | H53: 1. u>0 Q=0. | I53: 1. Đăng nhập hệ thống với vai trò Maker. 2. Điều hướng đến màn hình 'Công thức: Đơn giá * Số lượng'. 3. Thực hiện thao tác cụ thể: Tính phí. Quan sát. 4. Nhấn nút 'Xác nhận' hoặc 'Hoàn tất' (tùy màn hình). 5. Kiểm tra thông báo hiển thị trên giao diện. 6. Kiểm tra trạng thái bản ghi tại 'Tác vụ chờ duyệt' (nếu là Happy path). | J53: (i) Nghiệp vụ/Logic: Hệ thống xử lý đúng quy định tại giá trị biên (Min/Max/Limit). (ii) UI: Hiển thị thông báo hoặc trạng thái tương ứng. (iii) Trạng thái: Lưu hoặc Chặn tùy quy định. | K53: URD.Formulae (Biểu phí & Màn hình khai báo) | L53: FORMULA_UQ | M53: CAL-UQ-Q0 | U53: =IF(R53<>"", R53, O53)
A54: FEE-CAL-UQ-NEG-009 | B54: FEE-CODE | C54: Công thức: Đơn giá * Số lượng | D54: Kiểm tra lỗi: Chặn và báo lỗi khi Chặn u<0 hoặc Q<0 | E54: Negative | F54: Regression | G54: P2 | H54: 1. Form cấu hình. | I54: 1. Đăng nhập hệ thống với vai trò Maker. 2. Điều hướng đến màn hình 'Công thức: Đơn giá * Số lượng'. 3. Thực hiện thao tác cụ thể: Nhập u âm hoặc Q âm. Lưu. 4. Nhấn nút 'Xác nhận' hoặc 'Hoàn tất' (tùy màn hình). 5. Kiểm tra thông báo hiển thị trên giao diện. 6. Kiểm tra trạng thái bản ghi tại 'Tác vụ chờ duyệt' (nếu là Happy path). | J54: (i) Nghiệp vụ/Logic: Hệ thống thực hiện kiểm tra và chặn dữ liệu/thao tác không hợp lệ. (ii) UI: Hiển thị đúng thông báo lỗi (Error message) theo quy tắc của trường dữ liệu/BR. (iii) Trạng thái: Không thay đổi dữ liệu gốc, không tạo bản ghi nháp. | K54: URD.Formulae (Biểu phí & Màn hình khai báo) | L54: FORMULA_UQ | M54: CAL-UQ-NEG | U54: =IF(R54<>"", R54, O54)
A55: FEE-CAL-FIXRATE-HAPPY-010 | B55: FEE-CODE | C55: Công thức: Số cố định + (Tỷ lệ * Giá trị) | D55: Tính phí A + r*V (A=10,000; r=0.05%; V=2,000,000) | E55: Calculation | F55: Smoke | G55: P1 | H55: 1. A=10000 r=0 V=2,000,000. | I55: 1. Đăng nhập hệ thống với vai trò Maker. 2. Điều hướng đến màn hình 'Công thức: Số cố định + (Tỷ lệ * Giá trị)'. 3. Thực hiện thao tác cụ thể: Thực hiện tính phí với tham số trên. Ghi nhận kết quả. 4. Nhấn nút 'Xác nhận' hoặc 'Hoàn tất' (tùy màn hình). 5. Kiểm tra thông báo hiển thị trên giao diện. 6. Kiểm tra trạng thái bản ghi tại 'Tác vụ chờ duyệt' (nếu là Happy path). | J55: (i) Nghiệp vụ/Logic: Hệ thống thực hiện phép tính cộng dồn các cấu phần theo đúng công thức đã cấu hình. (ii) UI (Toast/Popup/Grid): Giá trị phí tính toán được hiển thị rõ ràng trên màn hình giao dịch cho Maker kiểm tra. (iii) Trạng thái/Audit log: Trạng thái bản ghi: 'Chờ duyệt' (Pending). Hệ thống ghi log hành động: 'Maker tạo mới công thức'. | K55: URD.Formulae (Biểu phí & Màn hình khai báo) | L55: FORMULA_FIX_PLUS_RATE | M55: CAL-FIXRATE-BASIC | U55: =IF(R55<>"", R55, O55)
A56: FEE-CAL-FIXRATE-BOUND-011 | B56: FEE-CODE | C56: Công thức: Số cố định + (Tỷ lệ * Giá trị) | D56: Kiểm tra biên: Xác minh giới hạn của r=0 -> Phí=A | E56: Boundary | F56: Regression | G56: P2 | H56: 1. A>0 r=0 V>0. | I56: 1. Đăng nhập hệ thống với vai trò Maker. 2. Điều hướng đến màn hình 'Công thức: Số cố định + (Tỷ lệ * Giá trị)'. 3. Thực hiện thao tác cụ thể: Tính phí. Xác minh. 4. Nhấn nút 'Xác nhận' hoặc 'Hoàn tất' (tùy màn hình). 5. Kiểm tra thông báo hiển thị trên giao diện. 6. Kiểm tra trạng thái bản ghi tại 'Tác vụ chờ duyệt' (nếu là Happy path). | J56: (i) Nghiệp vụ/Logic: Hệ thống xử lý đúng quy định tại giá trị biên (Min/Max/Limit). (ii) UI: Hiển thị thông báo hoặc trạng thái tương ứng. (iii) Trạng thái: Lưu hoặc Chặn tùy quy định. | K56: URD.Formulae (Biểu phí & Màn hình khai báo) | L56: FORMULA_FIX_PLUS_RATE | M56: CAL-FIXRATE-R0 | U56: =IF(R56<>"", R56, O56)
A57: FEE-CAL-FIXRATE-NEG-012 | B57: FEE-CODE | C57: Công thức: Số cố định + (Tỷ lệ * Giá trị) | D57: Kiểm tra lỗi: Chặn và báo lỗi khi Chặn r<0 hoặc V<0 | E57: Negative | F57: Regression | G57: P2 | H57: 1. Form cấu hình. | I57: 1. Đăng nhập hệ thống với vai trò Maker. 2. Điều hướng đến màn hình 'Công thức: Số cố định + (Tỷ lệ * Giá trị)'. 3. Thực hiện thao tác cụ thể: Nhập r âm hoặc V âm. Lưu. 4. Nhấn nút 'Xác nhận' hoặc 'Hoàn tất' (tùy màn hình). 5. Kiểm tra thông báo hiển thị trên giao diện. 6. Kiểm tra trạng thái bản ghi tại 'Tác vụ chờ duyệt' (nếu là Happy path). | J57: (i) Nghiệp vụ/Logic: Hệ thống thực hiện kiểm tra và chặn dữ liệu/thao tác không hợp lệ. (ii) UI: Hiển thị đúng thông báo lỗi (Error message) theo quy tắc của trường dữ liệu/BR. (iii) Trạng thái: Không thay đổi dữ liệu gốc, không tạo bản ghi nháp. | K57: URD.Formulae (Biểu phí & Màn hình khai báo) | L57: FORMULA_FIX_PLUS_RATE | M57: CAL-FIXRATE-NEG | U57: =IF(R57<>"", R57, O57)
A58: FEE-CAL-2RATE-HAPPY-013 | B58: FEE-CODE | C58: Công thức: r1*V1 + r2*V2 | D58: Tính phí với r1=0.1%, V1=1,000,000; r2=0.2%, V2=500,000 | E58: Calculation | F58: Smoke | G58: P1 | H58: 1. r1=0 V1=1_000_000 r2=0 V2=500_000. | I58: 1. Đăng nhập hệ thống với vai trò Maker. 2. Điều hướng đến màn hình 'Công thức: r1*V1 + r2*V2'. 3. Thực hiện thao tác cụ thể: Thực hiện tính phí. Xác minh. 4. Nhấn nút 'Xác nhận' hoặc 'Hoàn tất' (tùy màn hình). 5. Kiểm tra thông báo hiển thị trên giao diện. 6. Kiểm tra trạng thái bản ghi tại 'Tác vụ chờ duyệt' (nếu là Happy path). | J58: (i) Nghiệp vụ/Logic: Hệ thống tính phí tự động: Phí = (r1 * V 1) + (r2 * V2). Ví dụ: ( 0.1% * 1,000, 000) + ( 0.2% * 500, 000) = 2, 000. (ii) UI (Toast/Popup/Grid): Giá trị phí tính toán được hiển thị rõ ràng trên màn hình giao dịch cho Maker kiểm tra. (iii) Trạng thái/Audit log: Trạng thái bản ghi: 'Chờ duyệt' (Pending). Hệ thống ghi log hành động: 'Maker tạo mới công thức'. | K58: URD.Formulae (Biểu phí & Màn hình khai báo) | L58: FORMULA_2RATE | M58: CAL-2RATE-BASIC | U58: =IF(R58<>"", R58, O58)
A59: FEE-CAL-2RATE-BOUND-014 | B59: FEE-CODE | C59: Công thức: r1*V1 + r2*V2 | D59: Kiểm tra biên: Xác minh giới hạn của V1=0 hoặc V2=0 | E59: Boundary | F59: Regression | G59: P2 | H59: 1. r1>0 r2>0. | I59: 1. Đăng nhập hệ thống với vai trò Maker. 2. Điều hướng đến màn hình 'Công thức: r1*V1 + r2*V2'. 3. Thực hiện thao tác cụ thể: Case V1= 0. Case V2= 0. 4. Nhấn nút 'Xác nhận' hoặc 'Hoàn tất' (tùy màn hình). 5. Kiểm tra thông báo hiển thị trên giao diện. 6. Kiểm tra trạng thái bản ghi tại 'Tác vụ chờ duyệt' (nếu là Happy path). | J59: (i) Nghiệp vụ/Logic: Hệ thống xử lý đúng quy định tại giá trị biên (Min/Max/Limit). (ii) UI: Hiển thị thông báo hoặc trạng thái tương ứng. (iii) Trạng thái: Lưu hoặc Chặn tùy quy định. | K59: URD.Formulae (Biểu phí & Màn hình khai báo) | L59: FORMULA_2RATE | M59: CAL-2RATE-ZERO | U59: =IF(R59<>"", R59, O59)
... A63: FEE-CAL-FIXPER-NEG-018 | B63: FEE-CODE | C63: Công thức: Số cố định (Định kỳ) | D63: Kiểm tra lỗi: Chặn và báo lỗi khi Chặn A<0 hoặc số kỳ âm | E63: Negative | F63: Regression | G63: P2 | H63: 1. Form cấu hình định kỳ. | I63: 1. Đăng nhập hệ thống với vai trò Maker. 2. Điều hướng đến màn hình 'Công thức: Số cố định (Định kỳ)'. 3. Thực hiện thao tác cụ thể: Nhập A âm hoặc số kỳ âm. Lưu. 4. Nhấn nút 'Xác nhận' hoặc 'Hoàn tất' (tùy màn hình). 5. Kiểm tra thông báo hiển thị trên giao diện. 6. Kiểm tra trạng thái bản ghi tại 'Tác vụ chờ duyệt' (nếu là Happy path). | J63: (i) Nghiệp vụ/Logic: Hệ thống thực hiện kiểm tra và chặn dữ liệu/thao tác không hợp lệ. (ii) UI: Hiển thị đúng thông báo lỗi (Error message) theo quy tắc của trường dữ liệu/BR. (iii) Trạng thái: Không thay đổi dữ liệu gốc, không tạo bản ghi nháp. | K63: URD.Formulae (Biểu phí & Màn hình khai báo) | L63: FORMULA_FIX_PERIODIC | M63: CAL-FIXPER-NEG | U63: =IF(R63<>"", R63, O63)
A64: PR02-BR_03-NEG-019 | B64: PR.02 | C64: Công thức tính phí | D64: Kiểm tra lỗi: Chặn và báo lỗi khi Hệ thống báo lỗi khi nhập trùng Tên hoặc Mã công thức | E64: Negative | F64: Regression | G64: P1 | H64: 1. Tên/Mã 'Formula_X' đã tồn tại trên hệ thống. | I64: 1. Đăng nhập hệ thống với vai trò Maker. 2. Điều hướng đến màn hình 'Công thức tính phí'. 3. Thực hiện thao tác cụ thể: Thực hiện thêm mới Công thức. Nhập Tên/Mã trùng. 3. Nhấn Xác nhận. 4. Nhấn nút 'Xác nhận' hoặc 'Hoàn tất' (tùy màn hình). 5. Kiểm tra thông báo hiển thị trên giao diện. 6. Kiểm tra trạng thái bản ghi tại 'Tác vụ chờ duyệt' (nếu là Happy path). | J64: (i) Nghiệp vụ/Logic: Hệ thống thực hiện kiểm tra và chặn dữ liệu/thao tác không hợp lệ. (ii) UI: Hiển thị đúng thông báo lỗi (Error message) theo quy tắc của trường dữ liệu/BR. (iii) Trạng thái: Không thay đổi dữ liệu gốc, không tạo bản ghi nháp. | K64: BR Code: BR_03 | L64: BR_03 | M64: BR_03-TC | N64: Bổ sung theo review. | U64: =IF(R64<>"", R64, O64)
A65: PR02-BR_05-HAP-020 | B65: PR.02 | C65: Công thức tính phí | D65: Kiểm tra thành công: Luồng Kiểm tra tính năng lưu phương pháp Đơn giá * Số lượng | E65: HappyPath | F65: Smoke | G65: P1 | H65: 1. Công thức: Đơn giá * Số lượng. | I65: 1. Đăng nhập hệ thống với vai trò Maker. 2. Điều hướng đến màn hình 'Công thức tính phí'. 3. Thực hiện thao tác cụ thể: Nhập Đơn giá = 1000, Số lượng = 5. 4. Nhấn nút 'Xác nhận' hoặc 'Hoàn tất' (tùy màn hình). 5. Kiểm tra thông báo hiển thị trên giao diện. 6. Kiểm tra trạng thái bản ghi tại 'Tác vụ chờ duyệt' (nếu là Happy path). | J65: (i) Nghiệp vụ/Logic: Thông tin được xử lý thành công và lưu trữ toàn vẹn dữ liệu. (ii) UI: Thông báo 'Thao tác thành công'. (iii) Trạng thái: 'Chờ duyệt' (Maker tạo mới). | K65: BR Code: BR_05 | L65: BR_05 | M65: BR_05-TC | N65: Fixed: Title-Expected mismatch (Review Antigravity) | U65: =IF(R65<>"", R65, O65)
A66: PR02-BR_04-BOU-021 | B66: PR.02 | C66: Công thức tính phí | D66: Kiểm tra biên: Xác minh giới hạn của Chặn không cho phép cấu hình vượt quá 03 cấu phần phí | E66: Boundary | F66: Regression | G66: P2 | H66: 1. Màn hình thêm mới. | I66: 1. Tại màn hình Thêm mới, thực hiện chọn liên tiếp đủ 03 cấu phần. 2. Kiểm tra trạng thái của nút 'Thêm' hoặc chức năng thêm cấu phần. 3. Nhấn Xác nhận. | J66: (i) Nghiệp vụ/Logic: Hệ thống xử lý đúng quy định tại giá trị biên (Min/Max/Limit). (ii) UI: Hiển thị thông báo hoặc trạng thái tương ứng. (iii) Trạng thái: Lưu hoặc Chặn tùy quy định. | K66: BR Code: BR_04 | L66: BR_04 | M66: BR_04-TC | N66: Updated Boundary steps (Review Antigravity) | U66: =IF(R66<>"", R66, O66)
A67: PR02-BR_02-UI-022 | B67: PR.02 | C67: Màn hình quản lý | D67: Kiểm tra nút Đóng: Đảm bảo không lưu dữ liệu và thoát form | E67: UI | F67: Regression | G67: P3 | H67: 1. Form đang nhập. | I67: 1. Đăng nhập hệ thống với vai trò Maker. 2. Điều hướng đến màn hình 'Màn hình quản lý'. 3. Thực hiện thao tác cụ thể: Nhấn nút Đóng. 4. Nhấn nút 'Xác nhận' hoặc 'Hoàn tất' (tùy màn hình). 5. Kiểm tra thông báo hiển thị trên giao diện. 6. Kiểm tra trạng thái bản ghi tại 'Tác vụ chờ duyệt' (nếu là Happy path). | J67: (i) Nghiệp vụ/Logic: Hệ thống không lưu thông tin đã nhập. (ii) UI: Đóng form quay về màn trước. (iii) Trạng thái: Không tạo bản ghi chờ duyệt. | K67: BR Code: BR_02 | L67: BR_02 | M67: BR_02-TC | N67: Fixed: Status logic mismatch (Review Antigravity) | U67: =IF(R67<>"", R67, O67)
A68: PR02-BR_08-LOG-023 | B68: PR.02 | C68: Audit | D68: Kiểm tra Audit Log: Hệ thống tự động sinh đúng Ngày tạo và Người tạo bản ghi | E68: Logic | F68: Smoke | G68: P1 | H68: 1. Maker vừa lưu bản ghi. | I68: 1. Đăng nhập hệ thống với vai trò Maker. 2. Điều hướng đến màn hình 'Audit'. 3. Thực hiện thao tác cụ thể: Kiểm tra chi tiết bản ghi tại 'Tác vụ chờ duyệt'. 4. Nhấn nút 'Xác nhận' hoặc 'Hoàn tất' (tùy màn hình). 5. Kiểm tra thông báo hiển thị trên giao diện. 6. Kiểm tra trạng thái bản ghi tại 'Tác vụ chờ duyệt' (nếu là Happy path). | J68: (i) Nghiệp vụ/Logic: Hệ thống tự động ghi nhận thời gian thực hiện thao tác (YYYY-MM-DD HH:MM:SS). (ii) UI (Toast/Popup/Grid): Thông tin 'Ngày tạo' hiển thị chính xác thời gian Maker nhấn nút 'Xác nhận'. (iii) Trạng thái/Audit log: Trạng thái bản ghi: 'Chờ duyệt' (Pending). Hệ thống ghi log hành động: 'Maker tạo mới công thức'. | K68: BR Code: BR_08, BR_09 | L68: BR_08, BR_09 | M68: LOG-TC | N68: Bổ sung theo review. | U68: =IF(R68<>"", R68, O68)
A69: PR02-CAL-HAP-001 | B69: PR.02 | C69: Công thức tính phí | D69: Tính toán Case 1: Kiểm tra lưu đúng cấu hình Phí cố định cho giao dịch ngay (11k) | E69: Calculation | F69: Smoke | G69: P1 | H69: Form cấu hình. | I69: 1. Nhập Fee = 11,000. 2. Chọn Phí ngay. 3. Xác nhận. | J69: (i) Hệ thống lưu phí cố định 11k. (ii) Trạng thái: Chờ duyệt. | K69: URD.II.6.3.1 | L69: FORMULA_FIX | M69: CAL-01 | N69: Added by Antigravity Tool
A70: PR02-CAL-HAP-002 | B70: PR.02 | C70: Công thức tính phí | D70: Tính toán Case 2: Kiểm tra lưu đúng cấu hình Phí cố định cho thu phí định kỳ (55k) | E70: Calculation | F70: Smoke | G70: P1 | H70: Form cấu hình định kỳ. | I70: 1. Nhập Fee = 55,000. 2. Chọn Phí định kỳ. 3. Xác nhận. | J70: (i) Hệ thống lưu phí định kỳ 55k. (ii) Trạng thái: Chờ duyệt. | K70: URD.II.6.3.2 | L70: FORMULA_FIX_PERIODIC | M70: CAL-02 | N70: Added by Antigravity Tool
A71: PR02-CAL-HAP-003 | B71: PR.02 | C71: Công thức tính phí | D71: Tính toán Case 3: Kiểm tra lưu đúng cấu hình Tỷ lệ % kèm theo ngưỡng Min/Max phí | E71: Calculation | F71: Regression | G71: P1 | H71: Form cấu hình. | I71: 1. Nhập Tỷ lệ = 0.05%. 2. Nhập Min = 20k, Max = 500k. 3. Xác nhận. | J71: (i) Hệ thống lưu đúng tỷ lệ và ngưỡng Min/Max. (ii) Trạng thái: Chờ duyệt. | K71: URD.II.6.3.3 | L71: FORMULA_RATE_MINMAX | M71: CAL-03 | N71: Added by Antigravity Tool
A72: PR02-CAL-HAP-004 | B72: PR.02 | C72: Công thức tính phí | D72: Tính toán Case 4: Kiểm tra lưu đúng cấu hình tính phí theo Đơn giá * Số lượng | E72: Calculation | F72: Regression | G72: P1 | H72: Form cấu hình. | I72: 1. Nhập Đơn giá = 20,000. 2. Chọn phương pháp Unit*Qty. 3. Xác nhận. | J72: (i) Hệ thống lưu đúng đơn giá 20k. (ii) Trạng thái: Chờ duyệt. | K72: URD.II.6.3.4 | L72: FORMULA_UNIT_QTY | M72: CAL-04 | N72: Added by Antigravity Tool
A73: PR02-CAL-HAP-005 | B73: PR.02 | C73: Công thức tính phí | D73: Tính toán Case 5: Kiểm tra cấu hình kết hợp đa cấu phần (Số cố định + Tỷ lệ %) | E73: Calculation | F73: Regression | G73: P1 | H73: Form cấu hình đa cấu phần. | I73: 1. Cấu phần 1: Số cố định 30 USD. 2. Cấu phần 2: Tỷ lệ 0.2% (Min 10k, Max 200k). 3. Xác nhận. | J73: (i) Hệ thống hiển thị biểu thức tổng hợp A + B. (ii) Lưu đúng thông tin cấu phần. | K73: URD.II.6.3.5 | L73: FORMULA_MULTI_COMP | M73: CAL-05 | N73: Added by Antigravity Tool

Sheet II.5.1.3
A1: TEST CASES — II.5.1.3. PR.03- Danh mục biểu phí
A2: TC_ID | B2: Module | C2: Feature | D2: Title | E2: Type | F2: Category | G2: Priority | H2: Precondition | I2: Steps | J2: (i) Nghiệp vụ/Logic: Title thành công theo quy trình của [BR_Ref]. (ii) Dữ liệu: Ghi nhận thông tin vào Database chính xác, đầy đủ các trường. (iii) Trạng thái: Bản ghi được chuyển sang 'Chờ duyệt'. | K2: URD_Ref | L2: BR_Ref | M2: Trace_ID | N2: Note | O2: Status R1 | P2: Tester R1 | Q2: Date R1 | R2: Status R2 | S2: Tester R2 | T2: Date R2 | U2: Final Status
A3: PR03-br01-HAP-001 | B3: PR03 | C3: Danh mục biểu phí – II.5.1.3.2.c | D3: Kiểm tra thành công: Luồng Kiểm tra bắt buộc nhập đầy đủ các trường có dấu (*) | E3: Happy | F3: Regression | G3: P2 | H3: 1. Maker đăng nhập dữ liệu nền hợp lệ. | I3: 1. Mở Danh mục biểu phí → 'Thêm mới' 2. Nhập đủ trường bắt buộc tương ứng BR 3. (Nếu áp dụng) 'Tải lên' DS code phí .xlsx 4. Nhấn 'Xác nhận' | J3: (i) Nghiệp vụ/Logic: Thông tin được xử lý thành công và lưu trữ toàn vẹn dữ liệu. (ii) UI: Thông báo 'Thao tác thành công'. (iii) Trạng thái: 'Chờ duyệt' (Maker tạo mới). | K3: II.5.1.3.2.c | L3: BR_01 | M3: BR_01-HAPPY | U3: =IF(R3<>"", R3, O3)
A4: PR03-br02-HAP-001 | B4: PR03 | C4: Danh mục biểu phí – II.5.1.3.2.c | D4: Kiểm tra thành công: Luồng Hệ thống yêu cầu nhập ngày tháng chuẩn DD/MM/YYYY | E4: Happy | F4: Regression | G4: P2 | H4: 1. Maker đăng nhập dữ liệu nền hợp lệ. | I4: 1. Mở 'Thêm mới' 2. Nhập ngày theo định dạng sai (31-12-2026/2026/12/ 31) 3. Nhấn 'Xác nhận' 4. Quan sát lỗi tại trường ngày | J4: (i) Nghiệp vụ/Logic: Thông tin được xử lý thành công và lưu trữ toàn vẹn dữ liệu. (ii) UI: Thông báo 'Thao tác thành công'. (iii) Trạng thái: 'Chờ duyệt' (Maker tạo mới). | K4: II.5.1.3.2.c | L4: BR_02 | M4: BR_02-HAPPY | U4: =IF(R4<>"", R4, O4)
A5: PR03-br03-HAP-001 | B5: PR03 | C5: Danh mục biểu phí – II.5.1.3.2.c | D5: Kiểm tra nút Đóng: Đảm bảo không lưu dữ liệu và thoát form | E5: Happy | F5: Regression | G5: P2 | H5: 1. Maker đăng nhập dữ liệu nền hợp lệ. | I5: 1. Mở Danh mục biểu phí → 'Thêm mới' 2. Nhập đủ trường bắt buộc tương ứng BR 3. (Nếu áp dụng) 'Tải lên' DS code phí .xlsx 4. Nhấn 'Xác nhận' | J5: (i) Nghiệp vụ/Logic: Hệ thống không lưu thông tin đã nhập. (ii) UI: Đóng form quay về màn trước. (iii) Trạng thái: Không tạo bản ghi chờ duyệt. | K5: II.5.1.3.2.c | L5: BR_03 | M5: BR_03-HAPPY | U5: =IF(R5<>"", R5, O5)
A6: PR03-br04-HAP-001 | B6: PR03 | C6: Danh mục biểu phí – II.5.1.3.2.c | D6: Kiểm tra thành công: Luồng Cây SPDV/Code phí chỉ hiển thị các mục đã được Checker duyệt | E6: Happy | F6: Regression | G6: P2 | H6: 1. Maker đăng nhập dữ liệu nền hợp lệ. | I6: 1. Mở Danh mục biểu phí → 'Thêm mới' 2. Nhập đủ trường bắt buộc tương ứng BR 3. (Nếu áp dụng) 'Tải lên' DS code phí .xlsx 4. Nhấn 'Xác nhận' | J6: (i) Nghiệp vụ/Logic: Thông tin được xử lý thành công và lưu trữ toàn vẹn dữ liệu. (ii) UI: Thông báo 'Thao tác thành công'. (iii) Trạng thái: 'Chờ duyệt' (Maker tạo mới). | K6: II.5.1.3.2.c | L6: BR_04 | M6: BR_04-HAPPY | U6: =IF(R6<>"", R6, O6)
A7: PR03-br05-HAP-001 | B7: PR03 | C7: Danh mục biểu phí – II.5.1.3.2.c | D7: Kiểm tra thành công: Luồng Hệ thống báo lỗi khi nhập trùng Tên hoặc Mã biểu phí | E7: Happy | F7: Regression | G7: P2 | H7: 1. Maker đăng nhập dữ liệu nền hợp lệ. | I7: 1. Mở Danh mục biểu phí → 'Thêm mới' 2. Nhập đủ trường bắt buộc tương ứng BR 3. (Nếu áp dụng) 'Tải lên' DS code phí .xlsx 4. Nhấn 'Xác nhận' | J7: (i) Nghiệp vụ/Logic: Thông tin được xử lý thành công và lưu trữ toàn vẹn dữ liệu. (ii) UI: Thông báo 'Thao tác thành công'. (iii) Trạng thái: 'Chờ duyệt' (Maker tạo mới). | K7: II.5.1.3.2.c | L7: BR_05 | M7: BR_05-HAPPY | U7: =IF(R7<>"", R7, O7)
A8: PR03-br06-HAP-001 | B8: PR03 | C8: Danh mục biểu phí – II.5.1.3.2.c | D8: Kiểm tra thành công: Luồng Hệ thống chỉ chấp nhận file danh sách code phí định dạng .xlsx | E8: Happy | F8: Regression | G8: P2 | H8: 1. Maker đăng nhập dữ liệu nền hợp lệ. | I8: 1. Mở 'Thêm mới' 2. 'Tải lên' → chọn file .csv/.xls 3. Nhấn 'Xác nhận' 4. Quan sát thông báo định dạng | J8: (i) Nghiệp vụ/Logic: Thông tin được xử lý thành công và lưu trữ toàn vẹn dữ liệu. (ii) UI: Thông báo 'Thao tác thành công'. (iii) Trạng thái: 'Chờ duyệt' (Maker tạo mới). | K8: II.5.1.3.2.c | L8: BR_06 | M8: BR_06-HAPPY | U8: =IF(R8<>"", R8, O8)
A9: PR03-br07-HAP-001 | B9: PR03 | C9: Danh mục biểu phí – II.5.1.3.2.c | D9: Kiểm tra thành công: Luồng Chặn Import và báo lỗi chi tiết nếu dữ liệu trong file sai quy định | E9: Happy | F9: Regression | G9: P2 | H9: 1. Maker đăng nhập dữ liệu nền hợp lệ. | I9: 1. Mở 'Thêm mới' 2. 'Tải lên' file .xlsx có 3a hợp lệ, 3b thiếu bắt buộc, 3c code không tồn tại 3. Nhấn 'Xác nhận' 4. Quan sát bảng kết quả upload | J9: (i) Nghiệp vụ/Logic: Thông tin được xử lý thành công và lưu trữ toàn vẹn dữ liệu. (ii) UI: Thông báo 'Thao tác thành công'. (iii) Trạng thái: 'Chờ duyệt' (Maker tạo mới). | K9: II.5.1.3.2.c | L9: BR_07 | M9: BR_07-HAPPY | U9: =IF(R9<>"", R9, O9)
A10: PR03-br08-HAP-001 | B10: PR03 | C10: Danh mục biểu phí – II.5.1.3.2.c | D10: Kiểm tra thành công: Luồng BR_08 – SPDV chi tiết phải là cấp cuối đã duyệt – Happy | E10: Happy | F10: Regression | G10: P2 | H10: 1. Maker đăng nhập dữ liệu nền hợp lệ. | I10: 1. Mở Danh mục biểu phí → 'Thêm mới' 2. Nhập đủ trường bắt buộc tương ứng BR 3. (Nếu áp dụng) 'Tải lên' DS code phí .xlsx 4. Nhấn 'Xác nhận' | J10: (i) Nghiệp vụ/Logic: Thông tin được xử lý thành công và lưu trữ toàn vẹn dữ liệu. (ii) UI: Thông báo 'Thao tác thành công'. (iii) Trạng thái: 'Chờ duyệt' (Maker tạo mới). | K10: II.5.1.3.2.c | L10: BR_08 | M10: BR_08-HAPPY | U10: =IF(R10<>"", R10, O10)
A11: PR03-br09-HAP-001 | B11: PR03 | C11: Danh mục biểu phí – II.5.1.3.2.c | D11: Kiểm tra thành công: Luồng BR_09 – Cho phép nhập URL Edoc – Happy | E11: Happy | F11: Regression | G11: P2 | H11: 1. Maker đăng nhập dữ liệu nền hợp lệ. | I11: 1. Mở Danh mục biểu phí → 'Thêm mới' 2. Nhập đủ trường bắt buộc tương ứng BR 3. (Nếu áp dụng) 'Tải lên' DS code phí .xlsx 4. Nhấn 'Xác nhận' | J11: (i) Nghiệp vụ/Logic: Thông tin được xử lý thành công và lưu trữ toàn vẹn dữ liệu. (ii) UI: Thông báo 'Thao tác thành công'. (iii) Trạng thái: 'Chờ duyệt' (Maker tạo mới). | K11: II.5.1.3.2.c | L11: BR_09 | M11: BR_09-HAPPY | U11: =IF(R11<>"", R11, O11)
A12: PR03-br10-HAP-001 | B12: PR03 | C12: Danh mục biểu phí – II.5.1.3.2.c | D12: Kiểm tra thành công: Luồng Mã Code phí phải được hệ thống sinh tự động theo quy tắc ngân hàng | E12: Happy | F12: Regression | G12: P2 | H12: 1. Maker đăng nhập dữ liệu nền hợp lệ. | I12: 1. Mở Danh mục biểu phí → 'Thêm mới' 2. Nhập đủ trường bắt buộc tương ứng BR 3. (Nếu áp dụng) 'Tải lên' DS code phí .xlsx 4. Nhấn 'Xác nhận' | J12: (i) Nghiệp vụ/Logic: Thông tin được xử lý thành công và lưu trữ toàn vẹn dữ liệu. (ii) UI: Thông báo 'Thao tác thành công'. (iii) Trạng thái: 'Chờ duyệt' (Maker tạo mới). | K12: II.5.1.3.2.c | L12: BR_10 | M12: BR_10-HAPPY | U12: =IF(R12<>"", R12, O12)
A13: PR03-br11-HAP-001 | B13: PR03 | C13: Danh mục biểu phí – II.5.1.3.2.c | D13: Kiểm tra thành công: Luồng BR_11 – Bản ghi tạo mới chưa duyệt KHÔNG hiển thị trên lưới – Happy | E13: Happy | F13: Regression | G13: P2 | H13: 1. Maker đăng nhập dữ liệu nền hợp lệ. | I13: 1. Mở Danh mục biểu phí → 'Thêm mới' 2. Nhập đủ trường bắt buộc tương ứng BR 3. (Nếu áp dụng) 'Tải lên' DS code phí .xlsx 4. Nhấn 'Xác nhận' | J13: (i) Nghiệp vụ/Logic: Thông tin được xử lý thành công và lưu trữ toàn vẹn dữ liệu. (ii) UI: Thông báo 'Thao tác thành công'. (iii) Trạng thái: 'Chờ duyệt' (Maker tạo mới). | K13: II.5.1.3.2.c | L13: BR_11 | M13: BR_11-HAPPY | U13: =IF(R13<>"", R13, O13)
A14: PR03-br12-HAP-001 | B14: PR03 | C14: Danh mục biểu phí – II.5.1.3.2.c | D14: Kiểm tra thành công: Luồng Bản ghi tạo mới phải ở trạng thái Chờ duyệt và xuất hiện tại màn hình Checker | E14: Happy | F14: Regression | G14: P2 | H14: 1. Maker đăng nhập dữ liệu nền hợp lệ. | I14: 1. Mở Danh mục biểu phí → 'Thêm mới' 2. Nhập đủ trường bắt buộc tương ứng BR 3. (Nếu áp dụng) 'Tải lên' DS code phí .xlsx 4. Nhấn 'Xác nhận' | J14: (i) Nghiệp vụ/Logic: Thông tin được xử lý thành công và lưu trữ toàn vẹn dữ liệu. (ii) UI: Thông báo 'Thao tác thành công'. (iii) Trạng thái: 'Chờ duyệt' (Maker tạo mới). | K14: II.5.1.3.2.c | L14: BR_12 | M14: BR_12-HAPPY | U14: =IF(R14<>"", R14, O14)
... A22: PR03-br06-HAP-002 | B22: PR03 | C22: Danh mục biểu phí – II.5.1.3.3.c | D22: Kiểm tra thành công: Luồng file upload phải .xlsx – Happy | E22: Happy | F22: Regression | G22: P2 | H22: 1. Maker đăng nhập dữ liệu nền hợp lệ. | I22: 1. Mở 'Thêm mới' 2. 'Tải lên' → chọn file .csv/.xls 3. Nhấn 'Xác nhận' 4. Quan sát thông báo định dạng | J22: (i) Nghiệp vụ/Logic: Thông tin được xử lý thành công và lưu trữ toàn vẹn dữ liệu. (ii) UI: Thông báo 'Thao tác thành công'. (iii) Trạng thái: 'Chờ duyệt' (Maker tạo mới). | K22: II.5.1.3.3.c | L22: BR_06 | M22: BR_06-HAPPY | U22: =IF(R22<>"", R22, O22)
A23: PR03-br07-HAP-002 | B23: PR03 | C23: Danh mục biểu phí – II.5.1.3.3.c | D23: Kiểm tra thành công: Luồng validate DS upload, sai thì chặn – Happy | E23: Happy | F23: Regression | G23: P2 | H23: 1. Maker đăng nhập dữ liệu nền hợp lệ. | I23: 1. Mở 'Thêm mới' 2. 'Tải lên' file .xlsx có 3a hợp lệ, 3b thiếu bắt buộc, 3c code không tồn tại 3. Nhấn 'Xác nhận' 4. Quan sát bảng kết quả upload | J23: (i) Nghiệp vụ/Logic: Thông tin được xử lý thành công và lưu trữ toàn vẹn dữ liệu. (ii) UI: Thông báo 'Thao tác thành công'. (iii) Trạng thái: 'Chờ duyệt' (Maker tạo mới). [v0.9-UPD] Hệ thống kiểm tra: Code phí trạng thái = 'Chưa gắn' hoặc 'Ngừng hoạt động' VÀ chưa thuộc Biểu phí nào đang 'Có hiệu lực'. Nếu không thỏa → báo lỗi từng dòng, chặn lưu. | K23: II.5.1.3.3.c | L23: BR_07 | M23: BR_07-HAPPY | N23: [v0.9-UPD] BR_07/08 rule mới về trạng thái code phí import | U23: =IF(R23<>"", R23, O23)
A24: PR03-br08-HAP-002 | B24: PR03 | C24: Danh mục biểu phí – II.5.1.3.3.c | D24: Kiểm tra thành công: Luồng Kiểm tra tính duy nhất của mã Code phí mới sau khi sao chép | E24: Happy | F24: Regression | G24: P2 | H24: 1. Maker đăng nhập dữ liệu nền hợp lệ. | I24: 1. Chọn 1 biểu phí nguồn → 'Sao chép' 2. Kiểm tra dữ liệu sao chép, chỉnh sửa theo BR 3. (Nếu áp dụng) 'Tải lên' DS code phí 4. Nhấn 'Xác nhận' | J24: (i) Nghiệp vụ/Logic: Thông tin được xử lý thành công và lưu trữ toàn vẹn dữ liệu. (ii) UI: Thông báo 'Thao tác thành công'. (iii) Trạng thái: 'Chờ duyệt' (Maker tạo mới). | K24: II.5.1.3.3.c | L24: BR_08 | M24: BR_08-HAPPY | U24: =IF(R24<>"", R24, O24)
A25: PR03-br09-HAP-002 | B25: PR03 | C25: Danh mục biểu phí – II.5.1.3.3.c | D25: Kiểm tra thành công: Luồng chưa duyệt không hiển thị lưới – Happy | E25: Happy | F25: Regression | G25: P2 | H25: 1. Maker đăng nhập dữ liệu nền hợp lệ. | I25: 1. Chọn 1 biểu phí nguồn → 'Sao chép' 2. Kiểm tra dữ liệu sao chép, chỉnh sửa theo BR 3. (Nếu áp dụng) 'Tải lên' DS code phí 4. Nhấn 'Xác nhận' | J25: (i) Nghiệp vụ/Logic: Thông tin được xử lý thành công và lưu trữ toàn vẹn dữ liệu. (ii) UI: Thông báo 'Thao tác thành công'. (iii) Trạng thái: 'Chờ duyệt' (Maker tạo mới). | K25: II.5.1.3.3.c | L25: BR_09 | M25: BR_09-HAPPY | U25: =IF(R25<>"", R25, O25)
A26: PR03-br10-HAP-002 | B26: PR03 | C26: Danh mục biểu phí – II.5.1.3.3.c | D26: Kiểm tra thành công: Luồng tạo ở trạng thái Chờ duyệt; hiển thị ở Tác vụ chờ duyệt – Happy | E26: Happy | F26: Regression | G26: P2 | H26: 1. Maker đăng nhập dữ liệu nền hợp lệ. | I26: 1. Chọn 1 biểu phí nguồn → 'Sao chép' 2. Kiểm tra dữ liệu sao chép, chỉnh sửa theo BR 3. (Nếu áp dụng) 'Tải lên' DS code phí 4. Nhấn 'Xác nhận' | J26: (i) Nghiệp vụ/Logic: Thông tin được xử lý thành công và lưu trữ toàn vẹn dữ liệu. (ii) UI: Thông báo 'Thao tác thành công'. (iii) Trạng thái: 'Chờ duyệt' (Maker tạo mới). | K26: II.5.1.3.3.c | L26: BR_10 | M26: BR_10-HAPPY | U26: =IF(R26<>"", R26, O26)
A27: PR03-br11-HAP-002 | B27: PR03 | C27: Danh mục biểu phí – II.5.1.3.3.c | D27: Kiểm tra thành công: Luồng Ngày tạo do hệ thống sinh – Happy | E27: Happy | F27: Regression | G27: P2 | H27: 1. Maker đăng nhập dữ liệu nền hợp lệ. | I27: 1. Chọn 1 biểu phí nguồn → 'Sao chép' 2. Kiểm tra dữ liệu sao chép, chỉnh sửa theo BR 3. (Nếu áp dụng) 'Tải lên' DS code phí 4. Nhấn 'Xác nhận' | J27: (i) Nghiệp vụ/Logic: Thông tin được xử lý thành công và lưu trữ toàn vẹn dữ liệu. (ii) UI: Thông báo 'Thao tác thành công'. (iii) Trạng thái: 'Chờ duyệt' (Maker tạo mới). | K27: II.5.1.3.3.c | L27: BR_11 | M27: BR_11-HAPPY | U27: =IF(R27<>"", R27, O27)
A28: PR03-br12-HAP-002 | B28: PR03 | C28: Danh mục biểu phí – II.5.1.3.3.c | D28: Kiểm tra thành công: Luồng Người tạo = username sao chép – Happy | E28: Happy | F28: Regression | G28: P2 | H28: 1. Maker đăng nhập dữ liệu nền hợp lệ. | I28: 1. Chọn 1 biểu phí nguồn → 'Sao chép' 2. Kiểm tra dữ liệu sao chép, chỉnh sửa theo BR 3. (Nếu áp dụng) 'Tải lên' DS code phí 4. Nhấn 'Xác nhận' | J28: (i) Nghiệp vụ/Logic: Thông tin được xử lý thành công và lưu trữ toàn vẹn dữ liệu. (ii) UI: Thông báo 'Thao tác thành công'. (iii) Trạng thái: 'Chờ duyệt' (Maker tạo mới). | K28: II.5.1.3.3.c | L28: BR_12 | M28: BR_12-HAPPY | U28: =IF(R28<>"", R28, O28)
A29: PR03-br01-HAP-003 | B29: PR03 | C29: Danh mục biểu phí – II.5.1.3.4.c | D29: Kiểm tra thành công: Luồng Biểu phí mới phải khác hiện tại – Happy | E29: Happy | F29: Regression | G29: P2 | H29: 1. Maker đăng nhập dữ liệu nền hợp lệ. | I29: 1. Mở biểu phí → 'Sửa' → tick code phí 2. 'Chuyển đổi Biểu phí' 3. Chọn biểu phí mới phù hợp 4. Nhấn 'Xác nhận' | J29: (i) Nghiệp vụ/Logic: Thông tin được xử lý thành công và lưu trữ toàn vẹn dữ liệu. (ii) UI: Thông báo 'Thao tác thành công'. (iii) Trạng thái: 'Chờ duyệt' (Maker tạo mới). | K29: II.5.1.3.4.c | L29: BR_01 | M29: BR_01-HAPPY | U29: =IF(R29<>"", R29, O29)
A30: PR03-br02-HAP-003 | B30: PR03 | C30: Danh mục biểu phí – II.5.1.3.4.c | D30: Kiểm tra nút Đóng: Đảm bảo không lưu dữ liệu và thoát form | E30: Happy | F30: Regression | G30: P2 | H30: 1. Maker đăng nhập dữ liệu nền hợp lệ. | I30: 1. Mở biểu phí → 'Sửa' → tick code phí 2. 'Chuyển đổi Biểu phí' 3. Chọn biểu phí mới phù hợp 4. Nhấn 'Xác nhận' | J30: (i) Nghiệp vụ/Logic: Hệ thống không lưu thông tin đã nhập. (ii) UI: Đóng form quay về màn trước. (iii) Trạng thái: Không tạo bản ghi chờ duyệt. | K30: II.5.1.3.4.c | L30: BR_02 | M30: BR_02-HAPPY | U30: =IF(R30<>"", R30, O30)
A31: PR03-br03-HAP-003 | B31: PR03 | C31: Danh mục biểu phí – II.5.1.3.4.c | D31: Kiểm tra thành công: Luồng Biểu phí mới phải có SPDV phù hợp – Happy | E31: Happy | F31: Regression | G31: P2 | H31: 1. Maker đăng nhập dữ liệu nền hợp lệ. | I31: 1. Mở biểu phí → 'Sửa' → tick code phí 2. 'Chuyển đổi Biểu phí' 3. Chọn biểu phí mới phù hợp 4. Nhấn 'Xác nhận' | J31: (i) Nghiệp vụ/Logic: Thông tin được xử lý thành công và lưu trữ toàn vẹn dữ liệu. (ii) UI: Thông báo 'Thao tác thành công'. (iii) Trạng thái: 'Chờ duyệt' (Maker tạo mới). | K31: II.5.1.3.4.c | L31: BR_03 | M31: BR_03-HAPPY | U31: =IF(R31<>"", R31, O31)
A32: PR03-br04-HAP-003 | B32: PR03 | C32: Danh mục biểu phí – II.5.1.3.4.c | D32: Kiểm tra thành công: Luồng Chưa duyệt vẫn ở biểu phí cũ, chưa xuất hiện ở biểu phí mới – Happy | E32: Happy | F32: Regression | G32: P2 | H32: 1. Maker đăng nhập dữ liệu nền hợp lệ. | I32: 1. Mở biểu phí → 'Sửa' → tick code phí 2. 'Chuyển đổi Biểu phí' 3. Chọn biểu phí mới phù hợp 4. Nhấn 'Xác nhận' | J32: (i) Nghiệp vụ/Logic: Thông tin được xử lý thành công và lưu trữ toàn vẹn dữ liệu. (ii) UI: Thông báo 'Thao tác thành công'. (iii) Trạng thái: 'Chờ duyệt' (Maker tạo mới). | K32: II.5.1.3.4.c | L32: BR_04 | M32: BR_04-HAPPY | U32: =IF(R32<>"", R32, O32)
A33: PR03-br05-HAP-003 | B33: PR03 | C33: Danh mục biểu phí – II.5.1.3.4.c | D33: Kiểm tra thành công: Luồng tạo yêu cầu ở trạng thái Chờ duyệt; xuất hiện ở Tác vụ chờ duyệt – Happy | E33: Happy | F33: Regression | G33: P2 | H33: 1. Maker đăng nhập dữ liệu nền hợp lệ. | I33: 1. Mở biểu phí → 'Sửa' → tick code phí 2. 'Chuyển đổi Biểu phí' 3. Chọn biểu phí mới phù hợp 4. Nhấn 'Xác nhận' | J33: (i) Nghiệp vụ/Logic: Thông tin được xử lý thành công và lưu trữ toàn vẹn dữ liệu. (ii) UI: Thông báo 'Thao tác thành công'. (iii) Trạng thái: 'Chờ duyệt' (Maker tạo mới). | K33: II.5.1.3.4.c | L33: BR_05 | M33: BR_05-HAPPY | U33: =IF(R33<>"", R33, O33)
